12/0.npy,12
1/1.npy,1
0/2.npy,0
12/3.npy,12
11/4.npy,11
12/5.npy,12
10/6.npy,10
4/7.npy,4
8/8.npy,8
10/9.npy,10
5/10.npy,5
9/11.npy,9
3/12.npy,3
2/13.npy,2
18/14.npy,18
16/15.npy,16
3/16.npy,3
15/17.npy,15
4/18.npy,4
16/19.npy,16
0/20.npy,0
16/21.npy,16
14/22.npy,14
15/23.npy,15
8/24.npy,8
1/25.npy,1
0/26.npy,0
7/27.npy,7
16/28.npy,16
4/29.npy,4
18/30.npy,18
11/31.npy,11
12/32.npy,12
13/33.npy,13
0/34.npy,0
10/35.npy,10
5/36.npy,5
13/37.npy,13
1/38.npy,1
12/39.npy,12
18/40.npy,18
11/41.npy,11
8/42.npy,8
12/43.npy,12
10/44.npy,10
5/45.npy,5
16/46.npy,16
9/47.npy,9
0/48.npy,0
4/49.npy,4
7/50.npy,7
18/51.npy,18
4/52.npy,4
13/53.npy,13
17/54.npy,17
16/55.npy,16
11/56.npy,11
4/57.npy,4
1/58.npy,1
17/59.npy,17
10/60.npy,10
15/61.npy,15
17/62.npy,17
5/63.npy,5
9/64.npy,9
5/65.npy,5
1/66.npy,1
12/67.npy,12
5/68.npy,5
14/69.npy,14
7/70.npy,7
12/71.npy,12
3/72.npy,3
16/73.npy,16
18/74.npy,18
13/75.npy,13
14/76.npy,14
3/77.npy,3
11/78.npy,11
5/79.npy,5
18/80.npy,18
10/81.npy,10
2/82.npy,2
11/83.npy,11
5/84.npy,5
9/85.npy,9
12/86.npy,12
10/87.npy,10
14/88.npy,14
11/89.npy,11
3/90.npy,3
4/91.npy,4
0/92.npy,0
4/93.npy,4
18/94.npy,18
7/95.npy,7
8/96.npy,8
17/97.npy,17
4/98.npy,4
18/99.npy,18
6/100.npy,6
9/101.npy,9
18/102.npy,18
6/103.npy,6
17/104.npy,17
8/105.npy,8
1/106.npy,1
3/107.npy,3
2/108.npy,2
7/109.npy,7
10/110.npy,10
7/111.npy,7
1/112.npy,1
8/113.npy,8
2/114.npy,2
6/115.npy,6
7/116.npy,7
13/117.npy,13
12/118.npy,12
5/119.npy,5
18/120.npy,18
3/121.npy,3
7/122.npy,7
9/123.npy,9
9/124.npy,9
15/125.npy,15
12/126.npy,12
8/127.npy,8
7/128.npy,7
8/129.npy,8
13/130.npy,13
7/131.npy,7
17/132.npy,17
11/133.npy,11
10/134.npy,10
11/135.npy,11
8/136.npy,8
10/137.npy,10
8/138.npy,8
11/139.npy,11
13/140.npy,13
9/141.npy,9
7/142.npy,7
6/143.npy,6
3/144.npy,3
18/145.npy,18
3/146.npy,3
15/147.npy,15
9/148.npy,9
6/149.npy,6
10/150.npy,10
1/151.npy,1
15/152.npy,15
6/153.npy,6
1/154.npy,1
10/155.npy,10
7/156.npy,7
4/157.npy,4
1/158.npy,1
12/159.npy,12
13/160.npy,13
7/161.npy,7
18/162.npy,18
15/163.npy,15
2/164.npy,2
12/165.npy,12
8/166.npy,8
1/167.npy,1
5/168.npy,5
13/169.npy,13
3/170.npy,3
17/171.npy,17
4/172.npy,4
3/173.npy,3
8/174.npy,8
7/175.npy,7
1/176.npy,1
3/177.npy,3
10/178.npy,10
9/179.npy,9
11/180.npy,11
7/181.npy,7
17/182.npy,17
16/183.npy,16
4/184.npy,4
15/185.npy,15
4/186.npy,4
15/187.npy,15
3/188.npy,3
10/189.npy,10
11/190.npy,11
5/191.npy,5
18/192.npy,18
9/193.npy,9
5/194.npy,5
12/195.npy,12
13/196.npy,13
5/197.npy,5
8/198.npy,8
11/199.npy,11
12/200.npy,12
7/201.npy,7
18/202.npy,18
5/203.npy,5
8/204.npy,8
6/205.npy,6
10/206.npy,10
16/207.npy,16
5/208.npy,5
2/209.npy,2
17/210.npy,17
8/211.npy,8
1/212.npy,1
15/213.npy,15
11/214.npy,11
6/215.npy,6
13/216.npy,13
0/217.npy,0
0/218.npy,0
14/219.npy,14
17/220.npy,17
9/221.npy,9
13/222.npy,13
14/223.npy,14
13/224.npy,13
9/225.npy,9
5/226.npy,5
1/227.npy,1
0/228.npy,0
4/229.npy,4
18/230.npy,18
9/231.npy,9
7/232.npy,7
2/233.npy,2
6/234.npy,6
6/235.npy,6
14/236.npy,14
0/237.npy,0
3/238.npy,3
15/239.npy,15
11/240.npy,11
12/241.npy,12
2/242.npy,2
2/243.npy,2
13/244.npy,13
4/245.npy,4
18/246.npy,18
14/247.npy,14
18/248.npy,18
9/249.npy,9
10/250.npy,10
10/251.npy,10
2/252.npy,2
15/253.npy,15
4/254.npy,4
10/255.npy,10
5/256.npy,5
1/257.npy,1
2/258.npy,2
13/259.npy,13
18/260.npy,18
13/261.npy,13
11/262.npy,11
11/263.npy,11
4/264.npy,4
11/265.npy,11
11/266.npy,11
16/267.npy,16
12/268.npy,12
10/269.npy,10
7/270.npy,7
16/271.npy,16
14/272.npy,14
15/273.npy,15
13/274.npy,13
7/275.npy,7
18/276.npy,18
8/277.npy,8
2/278.npy,2
15/279.npy,15
18/280.npy,18
6/281.npy,6
10/282.npy,10
2/283.npy,2
2/284.npy,2
8/285.npy,8
12/286.npy,12
5/287.npy,5
11/288.npy,11
18/289.npy,18
5/290.npy,5
15/291.npy,15
5/292.npy,5
1/293.npy,1
11/294.npy,11
15/295.npy,15
0/296.npy,0
10/297.npy,10
5/298.npy,5
6/299.npy,6
12/300.npy,12
9/301.npy,9
2/302.npy,2
2/303.npy,2
10/304.npy,10
17/305.npy,17
18/306.npy,18
16/307.npy,16
18/308.npy,18
14/309.npy,14
14/310.npy,14
10/311.npy,10
0/312.npy,0
9/313.npy,9
3/314.npy,3
3/315.npy,3
12/316.npy,12
14/317.npy,14
15/318.npy,15
11/319.npy,11
13/320.npy,13
12/321.npy,12
14/322.npy,14
15/323.npy,15
7/324.npy,7
0/325.npy,0
6/326.npy,6
14/327.npy,14
7/328.npy,7
4/329.npy,4
5/330.npy,5
14/331.npy,14
6/332.npy,6
14/333.npy,14
14/334.npy,14
7/335.npy,7
12/336.npy,12
1/337.npy,1
18/338.npy,18
9/339.npy,9
9/340.npy,9
6/341.npy,6
3/342.npy,3
10/343.npy,10
6/344.npy,6
1/345.npy,1
4/346.npy,4
12/347.npy,12
6/348.npy,6
2/349.npy,2
8/350.npy,8
17/351.npy,17
14/352.npy,14
11/353.npy,11
16/354.npy,16
14/355.npy,14
1/356.npy,1
0/357.npy,0
6/358.npy,6
8/359.npy,8
0/360.npy,0
0/361.npy,0
8/362.npy,8
7/363.npy,7
14/364.npy,14
8/365.npy,8
10/366.npy,10
15/367.npy,15
2/368.npy,2
6/369.npy,6
17/370.npy,17
4/371.npy,4
16/372.npy,16
5/373.npy,5
13/374.npy,13
5/375.npy,5
7/376.npy,7
1/377.npy,1
5/378.npy,5
12/379.npy,12
10/380.npy,10
10/381.npy,10
8/382.npy,8
16/383.npy,16
10/384.npy,10
15/385.npy,15
6/386.npy,6
18/387.npy,18
10/388.npy,10
1/389.npy,1
6/390.npy,6
11/391.npy,11
13/392.npy,13
5/393.npy,5
2/394.npy,2
1/395.npy,1
3/396.npy,3
7/397.npy,7
17/398.npy,17
2/399.npy,2
11/400.npy,11
16/401.npy,16
11/402.npy,11
12/403.npy,12
8/404.npy,8
13/405.npy,13
14/406.npy,14
2/407.npy,2
17/408.npy,17
9/409.npy,9
5/410.npy,5
16/411.npy,16
12/412.npy,12
17/413.npy,17
8/414.npy,8
15/415.npy,15
13/416.npy,13
4/417.npy,4
10/418.npy,10
15/419.npy,15
12/420.npy,12
1/421.npy,1
12/422.npy,12
18/423.npy,18
13/424.npy,13
12/425.npy,12
2/426.npy,2
0/427.npy,0
14/428.npy,14
9/429.npy,9
18/430.npy,18
16/431.npy,16
1/432.npy,1
5/433.npy,5
16/434.npy,16
15/435.npy,15
1/436.npy,1
16/437.npy,16
16/438.npy,16
0/439.npy,0
10/440.npy,10
0/441.npy,0
15/442.npy,15
13/443.npy,13
10/444.npy,10
8/445.npy,8
13/446.npy,13
7/447.npy,7
12/448.npy,12
18/449.npy,18
11/450.npy,11
1/451.npy,1
11/452.npy,11
10/453.npy,10
11/454.npy,11
9/455.npy,9
10/456.npy,10
0/457.npy,0
15/458.npy,15
6/459.npy,6
17/460.npy,17
1/461.npy,1
0/462.npy,0
4/463.npy,4
13/464.npy,13
9/465.npy,9
2/466.npy,2
13/467.npy,13
16/468.npy,16
4/469.npy,4
9/470.npy,9
17/471.npy,17
7/472.npy,7
17/473.npy,17
6/474.npy,6
18/475.npy,18
8/476.npy,8
14/477.npy,14
4/478.npy,4
12/479.npy,12
0/480.npy,0
8/481.npy,8
8/482.npy,8
1/483.npy,1
3/484.npy,3
4/485.npy,4
5/486.npy,5
17/487.npy,17
14/488.npy,14
10/489.npy,10
15/490.npy,15
7/491.npy,7
9/492.npy,9
12/493.npy,12
2/494.npy,2
8/495.npy,8
17/496.npy,17
2/497.npy,2
6/498.npy,6
5/499.npy,5
6/500.npy,6
13/501.npy,13
15/502.npy,15
2/503.npy,2
3/504.npy,3
13/505.npy,13
0/506.npy,0
0/507.npy,0
13/508.npy,13
3/509.npy,3
6/510.npy,6
16/511.npy,16
4/512.npy,4
2/513.npy,2
16/514.npy,16
11/515.npy,11
7/516.npy,7
11/517.npy,11
15/518.npy,15
2/519.npy,2
4/520.npy,4
1/521.npy,1
1/522.npy,1
16/523.npy,16
11/524.npy,11
1/525.npy,1
4/526.npy,4
12/527.npy,12
16/528.npy,16
3/529.npy,3
14/530.npy,14
6/531.npy,6
11/532.npy,11
6/533.npy,6
18/534.npy,18
11/535.npy,11
13/536.npy,13
1/537.npy,1
9/538.npy,9
15/539.npy,15
4/540.npy,4
7/541.npy,7
18/542.npy,18
6/543.npy,6
6/544.npy,6
1/545.npy,1
14/546.npy,14
13/547.npy,13
1/548.npy,1
9/549.npy,9
4/550.npy,4
0/551.npy,0
6/552.npy,6
13/553.npy,13
16/554.npy,16
11/555.npy,11
16/556.npy,16
3/557.npy,3
18/558.npy,18
10/559.npy,10
1/560.npy,1
15/561.npy,15
17/562.npy,17
15/563.npy,15
14/564.npy,14
17/565.npy,17
8/566.npy,8
14/567.npy,14
17/568.npy,17
13/569.npy,13
18/570.npy,18
4/571.npy,4
12/572.npy,12
8/573.npy,8
16/574.npy,16
14/575.npy,14
3/576.npy,3
12/577.npy,12
10/578.npy,10
2/579.npy,2
9/580.npy,9
17/581.npy,17
10/582.npy,10
8/583.npy,8
3/584.npy,3
1/585.npy,1
14/586.npy,14
16/587.npy,16
2/588.npy,2
2/589.npy,2
14/590.npy,14
0/591.npy,0
17/592.npy,17
1/593.npy,1
0/594.npy,0
11/595.npy,11
16/596.npy,16
4/597.npy,4
11/598.npy,11
5/599.npy,5
7/600.npy,7
2/601.npy,2
14/602.npy,14
9/603.npy,9
1/604.npy,1
10/605.npy,10
13/606.npy,13
0/607.npy,0
18/608.npy,18
0/609.npy,0
13/610.npy,13
2/611.npy,2
7/612.npy,7
17/613.npy,17
4/614.npy,4
0/615.npy,0
14/616.npy,14
15/617.npy,15
12/618.npy,12
18/619.npy,18
5/620.npy,5
10/621.npy,10
16/622.npy,16
12/623.npy,12
17/624.npy,17
3/625.npy,3
11/626.npy,11
15/627.npy,15
16/628.npy,16
12/629.npy,12
5/630.npy,5
5/631.npy,5
4/632.npy,4
17/633.npy,17
4/634.npy,4
6/635.npy,6
12/636.npy,12
3/637.npy,3
11/638.npy,11
14/639.npy,14
7/640.npy,7
14/641.npy,14
2/642.npy,2
0/643.npy,0
3/644.npy,3
12/645.npy,12
11/646.npy,11
3/647.npy,3
0/648.npy,0
5/649.npy,5
18/650.npy,18
4/651.npy,4
6/652.npy,6
5/653.npy,5
15/654.npy,15
16/655.npy,16
3/656.npy,3
2/657.npy,2
3/658.npy,3
4/659.npy,4
1/660.npy,1
17/661.npy,17
7/662.npy,7
1/663.npy,1
13/664.npy,13
10/665.npy,10
13/666.npy,13
1/667.npy,1
6/668.npy,6
7/669.npy,7
8/670.npy,8
3/671.npy,3
0/672.npy,0
14/673.npy,14
3/674.npy,3
8/675.npy,8
2/676.npy,2
0/677.npy,0
12/678.npy,12
4/679.npy,4
10/680.npy,10
14/681.npy,14
16/682.npy,16
17/683.npy,17
6/684.npy,6
7/685.npy,7
6/686.npy,6
11/687.npy,11
14/688.npy,14
9/689.npy,9
14/690.npy,14
14/691.npy,14
6/692.npy,6
6/693.npy,6
3/694.npy,3
12/695.npy,12
4/696.npy,4
16/697.npy,16
5/698.npy,5
17/699.npy,17
3/700.npy,3
18/701.npy,18
4/702.npy,4
14/703.npy,14
9/704.npy,9
16/705.npy,16
18/706.npy,18
16/707.npy,16
15/708.npy,15
15/709.npy,15
8/710.npy,8
15/711.npy,15
9/712.npy,9
14/713.npy,14
5/714.npy,5
12/715.npy,12
2/716.npy,2
15/717.npy,15
3/718.npy,3
1/719.npy,1
5/720.npy,5
17/721.npy,17
2/722.npy,2
14/723.npy,14
3/724.npy,3
0/725.npy,0
13/726.npy,13
14/727.npy,14
16/728.npy,16
8/729.npy,8
8/730.npy,8
11/731.npy,11
5/732.npy,5
1/733.npy,1
16/734.npy,16
16/735.npy,16
9/736.npy,9
6/737.npy,6
12/738.npy,12
8/739.npy,8
13/740.npy,13
13/741.npy,13
16/742.npy,16
17/743.npy,17
0/744.npy,0
9/745.npy,9
3/746.npy,3
17/747.npy,17
13/748.npy,13
17/749.npy,17
16/750.npy,16
12/751.npy,12
15/752.npy,15
12/753.npy,12
0/754.npy,0
12/755.npy,12
2/756.npy,2
10/757.npy,10
3/758.npy,3
0/759.npy,0
11/760.npy,11
14/761.npy,14
5/762.npy,5
12/763.npy,12
9/764.npy,9
12/765.npy,12
13/766.npy,13
5/767.npy,5
18/768.npy,18
10/769.npy,10
7/770.npy,7
3/771.npy,3
8/772.npy,8
17/773.npy,17
10/774.npy,10
13/775.npy,13
5/776.npy,5
14/777.npy,14
5/778.npy,5
13/779.npy,13
17/780.npy,17
3/781.npy,3
15/782.npy,15
0/783.npy,0
17/784.npy,17
18/785.npy,18
18/786.npy,18
14/787.npy,14
13/788.npy,13
11/789.npy,11
18/790.npy,18
0/791.npy,0
7/792.npy,7
7/793.npy,7
11/794.npy,11
15/795.npy,15
7/796.npy,7
11/797.npy,11
14/798.npy,14
12/799.npy,12
14/800.npy,14
13/801.npy,13
6/802.npy,6
1/803.npy,1
2/804.npy,2
8/805.npy,8
1/806.npy,1
4/807.npy,4
1/808.npy,1
6/809.npy,6
15/810.npy,15
16/811.npy,16
4/812.npy,4
8/813.npy,8
4/814.npy,4
8/815.npy,8
17/816.npy,17
9/817.npy,9
15/818.npy,15
17/819.npy,17
5/820.npy,5
17/821.npy,17
10/822.npy,10
8/823.npy,8
10/824.npy,10
15/825.npy,15
2/826.npy,2
15/827.npy,15
17/828.npy,17
6/829.npy,6
9/830.npy,9
18/831.npy,18
4/832.npy,4
18/833.npy,18
6/834.npy,6
15/835.npy,15
4/836.npy,4
1/837.npy,1
9/838.npy,9
4/839.npy,4
0/840.npy,0
18/841.npy,18
2/842.npy,2
14/843.npy,14
18/844.npy,18
6/845.npy,6
3/846.npy,3
7/847.npy,7
5/848.npy,5
0/849.npy,0
4/850.npy,4
5/851.npy,5
14/852.npy,14
2/853.npy,2
3/854.npy,3
17/855.npy,17
9/856.npy,9
3/857.npy,3
7/858.npy,7
2/859.npy,2
6/860.npy,6
3/861.npy,3
4/862.npy,4
8/863.npy,8
9/864.npy,9
9/865.npy,9
17/866.npy,17
15/867.npy,15
0/868.npy,0
0/869.npy,0
14/870.npy,14
2/871.npy,2
2/872.npy,2
6/873.npy,6
15/874.npy,15
9/875.npy,9
8/876.npy,8
5/877.npy,5
13/878.npy,13
0/879.npy,0
9/880.npy,9
4/881.npy,4
1/882.npy,1
18/883.npy,18
3/884.npy,3
7/885.npy,7
0/886.npy,0
12/887.npy,12
17/888.npy,17
8/889.npy,8
7/890.npy,7
14/891.npy,14
13/892.npy,13
17/893.npy,17
10/894.npy,10
17/895.npy,17
6/896.npy,6
10/897.npy,10
15/898.npy,15
4/899.npy,4
0/900.npy,0
1/901.npy,1
18/902.npy,18
7/903.npy,7
10/904.npy,10
9/905.npy,9
13/906.npy,13
2/907.npy,2
2/908.npy,2
1/909.npy,1
18/910.npy,18
4/911.npy,4
8/912.npy,8
0/913.npy,0
9/914.npy,9
16/915.npy,16
4/916.npy,4
6/917.npy,6
8/918.npy,8
15/919.npy,15
17/920.npy,17
11/921.npy,11
6/922.npy,6
17/923.npy,17
2/924.npy,2
11/925.npy,11
6/926.npy,6
16/927.npy,16
11/928.npy,11
7/929.npy,7
4/930.npy,4
6/931.npy,6
7/932.npy,7
4/933.npy,4
15/934.npy,15
0/935.npy,0
6/936.npy,6
8/937.npy,8
9/938.npy,9
2/939.npy,2
9/940.npy,9
16/941.npy,16
16/942.npy,16
7/943.npy,7
10/944.npy,10
2/945.npy,2
12/946.npy,12
8/947.npy,8
17/948.npy,17
3/949.npy,3
8/950.npy,8
15/951.npy,15
3/952.npy,3
17/953.npy,17
6/954.npy,6
8/955.npy,8
6/956.npy,6
7/957.npy,7
4/958.npy,4
2/959.npy,2
3/960.npy,3
11/961.npy,11
1/962.npy,1
9/963.npy,9
13/964.npy,13
7/965.npy,7
9/966.npy,9
3/967.npy,3
13/968.npy,13
1/969.npy,1
14/970.npy,14
12/971.npy,12
9/972.npy,9
8/973.npy,8
12/974.npy,12
9/975.npy,9
6/976.npy,6
15/977.npy,15
12/978.npy,12
5/979.npy,5
11/980.npy,11
8/981.npy,8
3/982.npy,3
12/983.npy,12
6/984.npy,6
1/985.npy,1
8/986.npy,8
7/987.npy,7
9/988.npy,9
10/989.npy,10
5/990.npy,5
9/991.npy,9
18/992.npy,18
5/993.npy,5
3/994.npy,3
10/995.npy,10
16/996.npy,16
4/997.npy,4
3/998.npy,3
14/999.npy,14
6/1000.npy,6
11/1001.npy,11
7/1002.npy,7
15/1003.npy,15
18/1004.npy,18
1/1005.npy,1
4/1006.npy,4
10/1007.npy,10
13/1008.npy,13
5/1009.npy,5
5/1010.npy,5
16/1011.npy,16
13/1012.npy,13
18/1013.npy,18
13/1014.npy,13
7/1015.npy,7
0/1016.npy,0
3/1017.npy,3
7/1018.npy,7
5/1019.npy,5
16/1020.npy,16
10/1021.npy,10
1/1022.npy,1
14/1023.npy,14
14/1024.npy,14
9/1025.npy,9
0/1026.npy,0
2/1027.npy,2
13/1028.npy,13
11/1029.npy,11
5/1030.npy,5
7/1031.npy,7
11/1032.npy,11
0/1033.npy,0
10/1034.npy,10
0/1035.npy,0
11/1036.npy,11
13/1037.npy,13
17/1038.npy,17
9/1039.npy,9
0/1040.npy,0
16/1041.npy,16
2/1042.npy,2
6/1043.npy,6
11/1044.npy,11
13/1045.npy,13
15/1046.npy,15
5/1047.npy,5
0/1048.npy,0
18/1049.npy,18
18/1050.npy,18
17/1051.npy,17
8/1052.npy,8
8/1053.npy,8
12/1054.npy,12
0/1055.npy,0
10/1056.npy,10
17/1057.npy,17
11/1058.npy,11
5/1059.npy,5
16/1060.npy,16
15/1061.npy,15
6/1062.npy,6
0/1063.npy,0
16/1064.npy,16
14/1065.npy,14
9/1066.npy,9
2/1067.npy,2
18/1068.npy,18
13/1069.npy,13
2/1070.npy,2
9/1071.npy,9
9/1072.npy,9
4/1073.npy,4
10/1074.npy,10
3/1075.npy,3
1/1076.npy,1
3/1077.npy,3
15/1078.npy,15
1/1079.npy,1
3/1080.npy,3
17/1081.npy,17
10/1082.npy,10
17/1083.npy,17
8/1084.npy,8
7/1085.npy,7
3/1086.npy,3
1/1087.npy,1
11/1088.npy,11
17/1089.npy,17
12/1090.npy,12
12/1091.npy,12
2/1092.npy,2
3/1093.npy,3
15/1094.npy,15
11/1095.npy,11
0/1096.npy,0
15/1097.npy,15
16/1098.npy,16
17/1099.npy,17
16/1100.npy,16
16/1101.npy,16
17/1102.npy,17
8/1103.npy,8
18/1104.npy,18
5/1105.npy,5
1/1106.npy,1
18/1107.npy,18
7/1108.npy,7
16/1109.npy,16
2/1110.npy,2
14/1111.npy,14
7/1112.npy,7
18/1113.npy,18
4/1114.npy,4
15/1115.npy,15
5/1116.npy,5
9/1117.npy,9
10/1118.npy,10
4/1119.npy,4
16/1120.npy,16
14/1121.npy,14
16/1122.npy,16
1/1123.npy,1
3/1124.npy,3
9/1125.npy,9
13/1126.npy,13
2/1127.npy,2
8/1128.npy,8
2/1129.npy,2
18/1130.npy,18
11/1131.npy,11
6/1132.npy,6
0/1133.npy,0
7/1134.npy,7
12/1135.npy,12
0/1136.npy,0
18/1137.npy,18
7/1138.npy,7
5/1139.npy,5
9/0.npy,9
18/1.npy,18
4/2.npy,4
7/3.npy,7
12/4.npy,12
16/5.npy,16
17/6.npy,17
14/7.npy,14
7/8.npy,7
10/9.npy,10
16/10.npy,16
0/11.npy,0
9/12.npy,9
5/13.npy,5
9/14.npy,9
12/15.npy,12
6/16.npy,6
2/17.npy,2
14/18.npy,14
6/19.npy,6
12/20.npy,12
13/21.npy,13
8/22.npy,8
5/23.npy,5
1/24.npy,1
8/25.npy,8
16/26.npy,16
17/27.npy,17
17/28.npy,17
12/29.npy,12
7/30.npy,7
5/31.npy,5
15/32.npy,15
17/33.npy,17
8/34.npy,8
6/35.npy,6
4/36.npy,4
1/37.npy,1
16/38.npy,16
4/39.npy,4
0/40.npy,0
6/41.npy,6
10/42.npy,10
12/43.npy,12
0/44.npy,0
9/45.npy,9
1/46.npy,1
7/47.npy,7
18/48.npy,18
14/49.npy,14
3/50.npy,3
1/51.npy,1
2/52.npy,2
7/53.npy,7
11/54.npy,11
12/55.npy,12
11/56.npy,11
6/57.npy,6
0/58.npy,0
0/59.npy,0
1/60.npy,1
18/61.npy,18
8/62.npy,8
6/63.npy,6
8/64.npy,8
14/65.npy,14
2/66.npy,2
13/67.npy,13
7/68.npy,7
3/69.npy,3
11/70.npy,11
14/71.npy,14
16/72.npy,16
17/73.npy,17
15/74.npy,15
12/75.npy,12
6/76.npy,6
13/77.npy,13
18/78.npy,18
4/79.npy,4
17/80.npy,17
6/81.npy,6
18/82.npy,18
15/83.npy,15
15/84.npy,15
18/85.npy,18
7/86.npy,7
10/87.npy,10
0/88.npy,0
16/89.npy,16
9/90.npy,9
12/91.npy,12
14/92.npy,14
3/93.npy,3
9/94.npy,9
10/95.npy,10
2/96.npy,2
2/97.npy,2
8/98.npy,8
2/99.npy,2
11/100.npy,11
0/101.npy,0
17/102.npy,17
4/103.npy,4
14/104.npy,14
5/105.npy,5
1/106.npy,1
9/107.npy,9
15/108.npy,15
8/109.npy,8
11/110.npy,11
9/111.npy,9
16/112.npy,16
1/113.npy,1
9/114.npy,9
16/115.npy,16
8/116.npy,8
15/117.npy,15
17/118.npy,17
5/119.npy,5
10/120.npy,10
1/121.npy,1
13/122.npy,13
1/123.npy,1
15/124.npy,15
10/125.npy,10
15/126.npy,15
1/127.npy,1
14/128.npy,14
11/129.npy,11
6/130.npy,6
16/131.npy,16
1/132.npy,1
1/133.npy,1
11/134.npy,11
1/135.npy,1
5/136.npy,5
11/137.npy,11
5/138.npy,5
10/139.npy,10
6/140.npy,6
5/141.npy,5
4/142.npy,4
7/143.npy,7
13/144.npy,13
4/145.npy,4
10/146.npy,10
11/147.npy,11
0/148.npy,0
1/149.npy,1
2/150.npy,2
18/151.npy,18
1/152.npy,1
18/153.npy,18
1/154.npy,1
3/155.npy,3
8/156.npy,8
4/157.npy,4
1/158.npy,1
5/159.npy,5
5/160.npy,5
9/161.npy,9
5/162.npy,5
0/163.npy,0
9/164.npy,9
8/165.npy,8
12/166.npy,12
11/167.npy,11
2/168.npy,2
13/169.npy,13
8/170.npy,8
7/171.npy,7
8/172.npy,8
14/173.npy,14
9/174.npy,9
0/175.npy,0
9/176.npy,9
18/177.npy,18
18/178.npy,18
10/179.npy,10
5/180.npy,5
9/181.npy,9
1/182.npy,1
12/183.npy,12
3/184.npy,3
16/185.npy,16
17/186.npy,17
10/187.npy,10
8/188.npy,8
17/189.npy,17
8/190.npy,8
4/191.npy,4
16/192.npy,16
15/193.npy,15
11/194.npy,11
3/195.npy,3
1/196.npy,1
0/197.npy,0
5/198.npy,5
10/199.npy,10
15/200.npy,15
1/201.npy,1
8/202.npy,8
17/203.npy,17
7/204.npy,7
0/205.npy,0
3/206.npy,3
1/207.npy,1
13/208.npy,13
7/209.npy,7
18/210.npy,18
2/211.npy,2
7/212.npy,7
10/213.npy,10
11/214.npy,11
0/215.npy,0
4/216.npy,4
9/217.npy,9
9/218.npy,9
6/219.npy,6
12/220.npy,12
3/221.npy,3
7/222.npy,7
18/223.npy,18
6/224.npy,6
5/225.npy,5
2/226.npy,2
14/227.npy,14
4/228.npy,4
6/229.npy,6
12/230.npy,12
6/231.npy,6
2/232.npy,2
4/233.npy,4
16/234.npy,16
13/235.npy,13
18/236.npy,18
0/237.npy,0
12/238.npy,12
4/239.npy,4
11/240.npy,11
0/241.npy,0
5/242.npy,5
3/243.npy,3
4/244.npy,4
2/245.npy,2
2/246.npy,2
0/247.npy,0
12/248.npy,12
14/249.npy,14
18/250.npy,18
12/251.npy,12
6/252.npy,6
17/253.npy,17
18/254.npy,18
5/255.npy,5
3/256.npy,3
12/257.npy,12
0/258.npy,0
13/259.npy,13
18/260.npy,18
14/261.npy,14
8/262.npy,8
6/263.npy,6
8/264.npy,8
4/265.npy,4
15/266.npy,15
6/267.npy,6
6/268.npy,6
16/269.npy,16
15/270.npy,15
15/271.npy,15
15/272.npy,15
3/273.npy,3
1/274.npy,1
16/275.npy,16
16/276.npy,16
9/277.npy,9
17/278.npy,17
0/279.npy,0
2/280.npy,2
4/281.npy,4
14/282.npy,14
10/283.npy,10
0/284.npy,0
9/285.npy,9
10/286.npy,10
0/287.npy,0
17/288.npy,17
15/289.npy,15
15/290.npy,15
1/291.npy,1
4/292.npy,4
5/293.npy,5
11/294.npy,11
10/295.npy,10
17/296.npy,17
7/297.npy,7
9/298.npy,9
9/299.npy,9
18/300.npy,18
6/301.npy,6
18/302.npy,18
1/303.npy,1
8/304.npy,8
13/305.npy,13
8/306.npy,8
9/307.npy,9
5/308.npy,5
10/309.npy,10
15/310.npy,15
8/311.npy,8
8/312.npy,8
10/313.npy,10
14/314.npy,14
3/315.npy,3
18/316.npy,18
12/317.npy,12
0/318.npy,0
13/319.npy,13
6/320.npy,6
12/321.npy,12
7/322.npy,7
12/323.npy,12
17/324.npy,17
15/325.npy,15
7/326.npy,7
14/327.npy,14
4/328.npy,4
2/329.npy,2
11/330.npy,11
4/331.npy,4
12/332.npy,12
18/333.npy,18
14/334.npy,14
17/335.npy,17
1/336.npy,1
8/337.npy,8
15/338.npy,15
10/339.npy,10
11/340.npy,11
16/341.npy,16
16/342.npy,16
2/343.npy,2
14/344.npy,14
13/345.npy,13
0/346.npy,0
8/347.npy,8
0/348.npy,0
10/349.npy,10
11/350.npy,11
9/351.npy,9
17/352.npy,17
12/353.npy,12
15/354.npy,15
11/355.npy,11
1/356.npy,1
13/357.npy,13
5/358.npy,5
15/359.npy,15
13/360.npy,13
2/361.npy,2
8/362.npy,8
12/363.npy,12
5/364.npy,5
3/365.npy,3
16/366.npy,16
15/367.npy,15
8/368.npy,8
15/369.npy,15
8/370.npy,8
5/371.npy,5
1/372.npy,1
3/373.npy,3
1/374.npy,1
11/375.npy,11
1/376.npy,1
12/377.npy,12
12/378.npy,12
15/379.npy,15
7/380.npy,7
1/381.npy,1
3/382.npy,3
17/383.npy,17
0/384.npy,0
7/385.npy,7
16/386.npy,16
12/387.npy,12
13/388.npy,13
6/389.npy,6
11/390.npy,11
6/391.npy,6
0/392.npy,0
15/393.npy,15
0/394.npy,0
10/395.npy,10
0/396.npy,0
14/397.npy,14
7/398.npy,7
6/399.npy,6
18/400.npy,18
4/401.npy,4
11/402.npy,11
8/403.npy,8
5/404.npy,5
17/405.npy,17
18/406.npy,18
14/407.npy,14
16/408.npy,16
8/409.npy,8
4/410.npy,4
3/411.npy,3
13/412.npy,13
12/413.npy,12
17/414.npy,17
17/415.npy,17
17/416.npy,17
18/417.npy,18
18/418.npy,18
3/419.npy,3
10/420.npy,10
2/421.npy,2
12/422.npy,12
8/423.npy,8
17/424.npy,17
13/425.npy,13
2/426.npy,2
12/427.npy,12
6/428.npy,6
2/429.npy,2
3/430.npy,3
10/431.npy,10
12/432.npy,12
8/433.npy,8
16/434.npy,16
10/435.npy,10
8/436.npy,8
9/437.npy,9
11/438.npy,11
17/439.npy,17
3/440.npy,3
4/441.npy,4
7/442.npy,7
0/443.npy,0
8/444.npy,8
12/445.npy,12
13/446.npy,13
7/447.npy,7
7/448.npy,7
10/449.npy,10
16/450.npy,16
17/451.npy,17
7/452.npy,7
4/453.npy,4
17/454.npy,17
18/455.npy,18
16/456.npy,16
11/457.npy,11
16/458.npy,16
3/459.npy,3
13/460.npy,13
0/461.npy,0
6/462.npy,6
13/463.npy,13
6/464.npy,6
1/465.npy,1
6/466.npy,6
8/467.npy,8
4/468.npy,4
13/469.npy,13
13/470.npy,13
9/471.npy,9
1/472.npy,1
14/473.npy,14
1/474.npy,1
13/475.npy,13
16/476.npy,16
12/477.npy,12
15/478.npy,15
3/479.npy,3
8/480.npy,8
7/481.npy,7
5/482.npy,5
12/483.npy,12
12/484.npy,12
10/485.npy,10
7/486.npy,7
15/487.npy,15
14/488.npy,14
13/489.npy,13
10/490.npy,10
17/491.npy,17
5/492.npy,5
17/493.npy,17
5/494.npy,5
4/495.npy,4
10/496.npy,10
3/497.npy,3
9/498.npy,9
9/499.npy,9
16/500.npy,16
8/501.npy,8
14/502.npy,14
12/503.npy,12
0/504.npy,0
12/505.npy,12
7/506.npy,7
14/507.npy,14
3/508.npy,3
11/509.npy,11
1/510.npy,1
0/511.npy,0
12/512.npy,12
18/513.npy,18
0/514.npy,0
18/515.npy,18
18/516.npy,18
13/517.npy,13
6/518.npy,6
7/519.npy,7
16/520.npy,16
9/521.npy,9
10/522.npy,10
4/523.npy,4
7/524.npy,7
3/525.npy,3
6/526.npy,6
9/527.npy,9
6/528.npy,6
3/529.npy,3
12/530.npy,12
5/531.npy,5
2/532.npy,2
14/533.npy,14
3/534.npy,3
1/535.npy,1
2/536.npy,2
7/537.npy,7
15/538.npy,15
17/539.npy,17
1/540.npy,1
17/541.npy,17
5/542.npy,5
8/543.npy,8
6/544.npy,6
10/545.npy,10
0/546.npy,0
8/547.npy,8
0/548.npy,0
4/549.npy,4
13/550.npy,13
2/551.npy,2
4/552.npy,4
13/553.npy,13
4/554.npy,4
15/555.npy,15
10/556.npy,10
7/557.npy,7
0/558.npy,0
10/559.npy,10
12/560.npy,12
2/561.npy,2
4/562.npy,4
9/563.npy,9
18/564.npy,18
2/565.npy,2
17/566.npy,17
13/567.npy,13
0/568.npy,0
6/569.npy,6
15/570.npy,15
3/571.npy,3
13/572.npy,13
16/573.npy,16
7/574.npy,7
6/575.npy,6
3/576.npy,3
14/577.npy,14
9/578.npy,9
1/579.npy,1
8/580.npy,8
15/581.npy,15
2/582.npy,2
5/583.npy,5
4/584.npy,4
14/585.npy,14
5/586.npy,5
1/587.npy,1
11/588.npy,11
8/589.npy,8
7/590.npy,7
6/591.npy,6
5/592.npy,5
18/593.npy,18
16/594.npy,16
14/595.npy,14
2/596.npy,2
1/597.npy,1
10/598.npy,10
17/599.npy,17
18/600.npy,18
12/601.npy,12
11/602.npy,11
12/603.npy,12
4/604.npy,4
16/605.npy,16
8/606.npy,8
6/607.npy,6
13/608.npy,13
3/609.npy,3
9/610.npy,9
18/611.npy,18
7/612.npy,7
11/613.npy,11
7/614.npy,7
15/615.npy,15
4/616.npy,4
2/617.npy,2
1/618.npy,1
4/619.npy,4
9/620.npy,9
1/621.npy,1
4/622.npy,4
10/623.npy,10
1/624.npy,1
0/625.npy,0
17/626.npy,17
7/627.npy,7
9/628.npy,9
4/629.npy,4
9/630.npy,9
3/631.npy,3
17/632.npy,17
6/633.npy,6
10/634.npy,10
14/635.npy,14
0/636.npy,0
6/637.npy,6
2/638.npy,2
1/639.npy,1
6/640.npy,6
0/641.npy,0
7/642.npy,7
14/643.npy,14
14/644.npy,14
5/645.npy,5
5/646.npy,5
11/647.npy,11
3/648.npy,3
15/649.npy,15
8/650.npy,8
5/651.npy,5
8/652.npy,8
4/653.npy,4
7/654.npy,7
0/655.npy,0
12/656.npy,12
0/657.npy,0
5/658.npy,5
3/659.npy,3
15/660.npy,15
16/661.npy,16
10/662.npy,10
15/663.npy,15
10/664.npy,10
6/665.npy,6
11/666.npy,11
0/667.npy,0
11/668.npy,11
16/669.npy,16
11/670.npy,11
3/671.npy,3
9/672.npy,9
18/673.npy,18
14/674.npy,14
7/675.npy,7
3/676.npy,3
16/677.npy,16
11/678.npy,11
3/679.npy,3
13/680.npy,13
9/681.npy,9
10/682.npy,10
16/683.npy,16
13/684.npy,13
4/685.npy,4
12/686.npy,12
4/687.npy,4
1/688.npy,1
18/689.npy,18
2/690.npy,2
6/691.npy,6
1/692.npy,1
10/693.npy,10
6/694.npy,6
10/695.npy,10
10/696.npy,10
3/697.npy,3
17/698.npy,17
14/699.npy,14
12/700.npy,12
11/701.npy,11
16/702.npy,16
0/703.npy,0
6/704.npy,6
16/705.npy,16
13/706.npy,13
9/707.npy,9
8/708.npy,8
3/709.npy,3
2/710.npy,2
16/711.npy,16
10/712.npy,10
2/713.npy,2
18/714.npy,18
10/715.npy,10
11/716.npy,11
7/717.npy,7
16/718.npy,16
12/719.npy,12
5/720.npy,5
17/721.npy,17
15/722.npy,15
2/723.npy,2
2/724.npy,2
18/725.npy,18
0/726.npy,0
15/727.npy,15
18/728.npy,18
15/729.npy,15
9/730.npy,9
4/731.npy,4
17/732.npy,17
2/733.npy,2
17/734.npy,17
14/735.npy,14
4/736.npy,4
4/737.npy,4
10/738.npy,10
12/739.npy,12
15/740.npy,15
12/741.npy,12
12/742.npy,12
4/743.npy,4
12/744.npy,12
8/745.npy,8
11/746.npy,11
7/747.npy,7
13/748.npy,13
15/749.npy,15
4/750.npy,4
0/751.npy,0
5/752.npy,5
10/753.npy,10
8/754.npy,8
2/755.npy,2
6/756.npy,6
11/757.npy,11
8/758.npy,8
1/759.npy,1
16/760.npy,16
9/761.npy,9
1/762.npy,1
3/763.npy,3
18/764.npy,18
4/765.npy,4
4/766.npy,4
3/767.npy,3
5/768.npy,5
7/769.npy,7
3/770.npy,3
16/771.npy,16
2/772.npy,2
0/773.npy,0
8/774.npy,8
18/775.npy,18
7/776.npy,7
2/777.npy,2
3/778.npy,3
16/779.npy,16
5/780.npy,5
2/781.npy,2
8/782.npy,8
11/783.npy,11
7/784.npy,7
18/785.npy,18
2/786.npy,2
2/787.npy,2
16/788.npy,16
3/789.npy,3
2/790.npy,2
14/791.npy,14
18/792.npy,18
4/793.npy,4
2/794.npy,2
17/795.npy,17
13/796.npy,13
16/797.npy,16
9/798.npy,9
12/799.npy,12
8/800.npy,8
0/801.npy,0
0/802.npy,0
12/803.npy,12
3/804.npy,3
11/805.npy,11
16/806.npy,16
9/807.npy,9
3/808.npy,3
13/809.npy,13
18/810.npy,18
11/811.npy,11
3/812.npy,3
12/813.npy,12
14/814.npy,14
3/815.npy,3
14/816.npy,14
16/817.npy,16
18/818.npy,18
17/819.npy,17
0/820.npy,0
14/821.npy,14
16/822.npy,16
11/823.npy,11
2/824.npy,2
18/825.npy,18
10/826.npy,10
10/827.npy,10
16/828.npy,16
5/829.npy,5
10/830.npy,10
10/831.npy,10
7/832.npy,7
7/833.npy,7
14/834.npy,14
15/835.npy,15
18/836.npy,18
12/837.npy,12
4/838.npy,4
13/839.npy,13
10/840.npy,10
4/841.npy,4
6/842.npy,6
8/843.npy,8
14/844.npy,14
11/845.npy,11
1/846.npy,1
0/847.npy,0
5/848.npy,5
3/849.npy,3
15/850.npy,15
2/851.npy,2
0/852.npy,0
0/853.npy,0
17/854.npy,17
16/855.npy,16
13/856.npy,13
12/857.npy,12
5/858.npy,5
9/859.npy,9
4/860.npy,4
15/861.npy,15
14/862.npy,14
10/863.npy,10
1/864.npy,1
14/865.npy,14
8/866.npy,8
3/867.npy,3
13/868.npy,13
5/869.npy,5
0/870.npy,0
3/871.npy,3
0/872.npy,0
13/873.npy,13
11/874.npy,11
15/875.npy,15
17/876.npy,17
17/877.npy,17
8/878.npy,8
2/879.npy,2
13/880.npy,13
7/881.npy,7
6/882.npy,6
16/883.npy,16
15/884.npy,15
11/885.npy,11
3/886.npy,3
4/887.npy,4
14/888.npy,14
14/889.npy,14
7/890.npy,7
7/891.npy,7
14/892.npy,14
7/893.npy,7
6/894.npy,6
11/895.npy,11
7/896.npy,7
3/897.npy,3
6/898.npy,6
11/899.npy,11
5/900.npy,5
6/901.npy,6
9/902.npy,9
15/903.npy,15
7/904.npy,7
12/905.npy,12
11/906.npy,11
17/907.npy,17
6/908.npy,6
12/909.npy,12
18/910.npy,18
13/911.npy,13
15/912.npy,15
5/913.npy,5
2/914.npy,2
6/915.npy,6
1/916.npy,1
17/917.npy,17
13/918.npy,13
11/919.npy,11
6/920.npy,6
11/921.npy,11
5/922.npy,5
14/923.npy,14
0/924.npy,0
4/925.npy,4
11/926.npy,11
3/927.npy,3
2/928.npy,2
4/929.npy,4
3/930.npy,3
6/931.npy,6
12/932.npy,12
12/933.npy,12
14/934.npy,14
9/935.npy,9
10/936.npy,10
10/937.npy,10
9/938.npy,9
14/939.npy,14
16/940.npy,16
14/941.npy,14
5/942.npy,5
9/943.npy,9
17/944.npy,17
14/945.npy,14
9/946.npy,9
5/947.npy,5
18/948.npy,18
16/949.npy,16
2/950.npy,2
17/951.npy,17
3/952.npy,3
1/953.npy,1
14/954.npy,14
15/955.npy,15
10/956.npy,10
11/957.npy,11
1/958.npy,1
13/959.npy,13
16/960.npy,16
9/961.npy,9
0/962.npy,0
7/963.npy,7
6/964.npy,6
15/965.npy,15
13/966.npy,13
1/967.npy,1
18/968.npy,18
6/969.npy,6
15/970.npy,15
18/971.npy,18
0/972.npy,0
5/973.npy,5
9/974.npy,9
9/975.npy,9
4/976.npy,4
6/977.npy,6
15/978.npy,15
15/979.npy,15
13/980.npy,13
2/981.npy,2
8/982.npy,8
13/983.npy,13
13/984.npy,13
10/985.npy,10
16/986.npy,16
2/987.npy,2
14/988.npy,14
7/989.npy,7
5/990.npy,5
2/991.npy,2
10/992.npy,10
17/993.npy,17
18/994.npy,18
18/995.npy,18
16/996.npy,16
9/997.npy,9
10/998.npy,10
11/999.npy,11
0/1000.npy,0
3/1001.npy,3
5/1002.npy,5
3/1003.npy,3
8/1004.npy,8
18/1005.npy,18
8/1006.npy,8
2/1007.npy,2
13/1008.npy,13
6/1009.npy,6
9/1010.npy,9
2/1011.npy,2
15/1012.npy,15
1/1013.npy,1
13/1014.npy,13
4/1015.npy,4
13/1016.npy,13
9/1017.npy,9
8/1018.npy,8
13/1019.npy,13
5/1020.npy,5
13/1021.npy,13
3/1022.npy,3
18/1023.npy,18
7/1024.npy,7
5/1025.npy,5
1/1026.npy,1
12/1027.npy,12
11/1028.npy,11
11/1029.npy,11
1/1030.npy,1
2/1031.npy,2
5/1032.npy,5
13/1033.npy,13
7/1034.npy,7
18/1035.npy,18
9/1036.npy,9
6/1037.npy,6
18/1038.npy,18
14/1039.npy,14
5/1040.npy,5
13/1041.npy,13
14/1042.npy,14
12/1043.npy,12
18/1044.npy,18
11/1045.npy,11
5/1046.npy,5
15/1047.npy,15
1/1048.npy,1
14/1049.npy,14
17/1050.npy,17
10/1051.npy,10
1/1052.npy,1
11/1053.npy,11
0/1054.npy,0
4/1055.npy,4
15/1056.npy,15
9/1057.npy,9
14/1058.npy,14
8/1059.npy,8
3/1060.npy,3
16/1061.npy,16
9/1062.npy,9
9/1063.npy,9
2/1064.npy,2
2/1065.npy,2
4/1066.npy,4
16/1067.npy,16
14/1068.npy,14
17/1069.npy,17
5/1070.npy,5
15/1071.npy,15
6/1072.npy,6
11/1073.npy,11
11/1074.npy,11
9/1075.npy,9
17/1076.npy,17
2/1077.npy,2
13/1078.npy,13
13/1079.npy,13
1/1080.npy,1
10/1081.npy,10
2/1082.npy,2
11/1083.npy,11
16/1084.npy,16
16/1085.npy,16
17/1086.npy,17
15/1087.npy,15
14/1088.npy,14
17/1089.npy,17
11/1090.npy,11
17/1091.npy,17
17/1092.npy,17
11/1093.npy,11
4/1094.npy,4
3/1095.npy,3
6/1096.npy,6
1/1097.npy,1
13/1098.npy,13
9/1099.npy,9
16/1100.npy,16
0/1101.npy,0
15/1102.npy,15
7/1103.npy,7
5/1104.npy,5
18/1105.npy,18
17/1106.npy,17
18/1107.npy,18
4/1108.npy,4
7/1109.npy,7
15/1110.npy,15
5/1111.npy,5
7/1112.npy,7
7/1113.npy,7
10/1114.npy,10
13/1115.npy,13
10/1116.npy,10
8/1117.npy,8
17/1118.npy,17
8/1119.npy,8
8/1120.npy,8
14/1121.npy,14
5/1122.npy,5
2/1123.npy,2
18/1124.npy,18
12/1125.npy,12
5/1126.npy,5
18/1127.npy,18
15/1128.npy,15
3/1129.npy,3
17/1130.npy,17
13/1131.npy,13
16/1132.npy,16
14/1133.npy,14
4/1134.npy,4
17/1135.npy,17
6/1136.npy,6
14/1137.npy,14
9/1138.npy,9
7/1139.npy,7
16/0.npy,16
5/1.npy,5
14/2.npy,14
3/3.npy,3
1/4.npy,1
12/5.npy,12
2/6.npy,2
10/7.npy,10
17/8.npy,17
16/9.npy,16
0/10.npy,0
5/11.npy,5
6/12.npy,6
5/13.npy,5
3/14.npy,3
16/15.npy,16
16/16.npy,16
3/17.npy,3
2/18.npy,2
17/19.npy,17
0/20.npy,0
11/21.npy,11
0/22.npy,0
17/23.npy,17
7/24.npy,7
2/25.npy,2
9/26.npy,9
16/27.npy,16
8/28.npy,8
16/29.npy,16
10/30.npy,10
2/31.npy,2
12/32.npy,12
3/33.npy,3
18/34.npy,18
16/35.npy,16
5/36.npy,5
8/37.npy,8
4/38.npy,4
6/39.npy,6
5/40.npy,5
9/41.npy,9
5/42.npy,5
13/43.npy,13
3/44.npy,3
12/45.npy,12
0/46.npy,0
7/47.npy,7
3/48.npy,3
4/49.npy,4
2/50.npy,2
17/51.npy,17
15/52.npy,15
16/53.npy,16
14/54.npy,14
15/55.npy,15
3/56.npy,3
6/57.npy,6
6/58.npy,6
2/59.npy,2
1/60.npy,1
10/61.npy,10
15/62.npy,15
1/63.npy,1
0/64.npy,0
2/65.npy,2
7/66.npy,7
10/67.npy,10
1/68.npy,1
15/69.npy,15
10/70.npy,10
1/71.npy,1
13/72.npy,13
7/73.npy,7
10/74.npy,10
12/75.npy,12
7/76.npy,7
8/77.npy,8
7/78.npy,7
16/79.npy,16
2/80.npy,2
0/81.npy,0
14/82.npy,14
2/83.npy,2
18/84.npy,18
12/85.npy,12
3/86.npy,3
16/87.npy,16
0/88.npy,0
8/89.npy,8
17/90.npy,17
12/91.npy,12
7/92.npy,7
13/93.npy,13
7/94.npy,7
2/95.npy,2
2/96.npy,2
0/97.npy,0
12/98.npy,12
6/99.npy,6
3/100.npy,3
12/101.npy,12
9/102.npy,9
3/103.npy,3
12/104.npy,12
9/105.npy,9
4/106.npy,4
6/107.npy,6
5/108.npy,5
6/109.npy,6
8/110.npy,8
14/111.npy,14
3/112.npy,3
11/113.npy,11
2/114.npy,2
9/115.npy,9
11/116.npy,11
3/117.npy,3
14/118.npy,14
12/119.npy,12
0/120.npy,0
14/121.npy,14
10/122.npy,10
5/123.npy,5
17/124.npy,17
15/125.npy,15
1/126.npy,1
14/127.npy,14
16/128.npy,16
2/129.npy,2
10/130.npy,10
8/131.npy,8
15/132.npy,15
5/133.npy,5
4/134.npy,4
16/135.npy,16
5/136.npy,5
7/137.npy,7
16/138.npy,16
15/139.npy,15
5/140.npy,5
9/141.npy,9
17/142.npy,17
5/143.npy,5
16/144.npy,16
11/145.npy,11
8/146.npy,8
2/147.npy,2
15/148.npy,15
18/149.npy,18
6/150.npy,6
11/151.npy,11
0/152.npy,0
12/153.npy,12
10/154.npy,10
5/155.npy,5
16/156.npy,16
11/157.npy,11
8/158.npy,8
9/159.npy,9
11/160.npy,11
16/161.npy,16
17/162.npy,17
13/163.npy,13
13/164.npy,13
1/165.npy,1
8/166.npy,8
3/167.npy,3
3/168.npy,3
15/169.npy,15
15/170.npy,15
0/171.npy,0
14/172.npy,14
18/173.npy,18
6/174.npy,6
7/175.npy,7
1/176.npy,1
4/177.npy,4
16/178.npy,16
8/179.npy,8
16/180.npy,16
11/181.npy,11
11/182.npy,11
14/183.npy,14
4/184.npy,4
2/185.npy,2
16/186.npy,16
16/187.npy,16
0/188.npy,0
12/189.npy,12
9/190.npy,9
3/191.npy,3
6/192.npy,6
18/193.npy,18
18/194.npy,18
6/195.npy,6
11/196.npy,11
18/197.npy,18
2/198.npy,2
4/199.npy,4
8/200.npy,8
10/201.npy,10
5/202.npy,5
16/203.npy,16
16/204.npy,16
14/205.npy,14
7/206.npy,7
10/207.npy,10
12/208.npy,12
12/209.npy,12
4/210.npy,4
11/211.npy,11
11/212.npy,11
7/213.npy,7
8/214.npy,8
15/215.npy,15
0/216.npy,0
3/217.npy,3
5/218.npy,5
13/219.npy,13
9/220.npy,9
15/221.npy,15
3/222.npy,3
12/223.npy,12
15/224.npy,15
6/225.npy,6
6/226.npy,6
17/227.npy,17
15/228.npy,15
11/229.npy,11
10/230.npy,10
14/231.npy,14
16/232.npy,16
18/233.npy,18
8/234.npy,8
15/235.npy,15
4/236.npy,4
7/237.npy,7
4/238.npy,4
11/239.npy,11
4/240.npy,4
5/241.npy,5
8/242.npy,8
0/243.npy,0
16/244.npy,16
9/245.npy,9
14/246.npy,14
7/247.npy,7
0/248.npy,0
11/249.npy,11
16/250.npy,16
0/251.npy,0
4/252.npy,4
2/253.npy,2
3/254.npy,3
1/255.npy,1
5/256.npy,5
0/257.npy,0
4/258.npy,4
18/259.npy,18
17/260.npy,17
6/261.npy,6
9/262.npy,9
1/263.npy,1
15/264.npy,15
14/265.npy,14
18/266.npy,18
17/267.npy,17
0/268.npy,0
14/269.npy,14
16/270.npy,16
4/271.npy,4
8/272.npy,8
10/273.npy,10
8/274.npy,8
12/275.npy,12
6/276.npy,6
13/277.npy,13
17/278.npy,17
17/279.npy,17
3/280.npy,3
7/281.npy,7
13/282.npy,13
13/283.npy,13
12/284.npy,12
8/285.npy,8
5/286.npy,5
7/287.npy,7
8/288.npy,8
0/289.npy,0
17/290.npy,17
7/291.npy,7
16/292.npy,16
15/293.npy,15
12/294.npy,12
3/295.npy,3
8/296.npy,8
16/297.npy,16
1/298.npy,1
3/299.npy,3
8/300.npy,8
12/301.npy,12
13/302.npy,13
13/303.npy,13
3/304.npy,3
3/305.npy,3
3/306.npy,3
18/307.npy,18
9/308.npy,9
12/309.npy,12
10/310.npy,10
17/311.npy,17
6/312.npy,6
14/313.npy,14
14/314.npy,14
0/315.npy,0
7/316.npy,7
18/317.npy,18
13/318.npy,13
16/319.npy,16
10/320.npy,10
9/321.npy,9
4/322.npy,4
12/323.npy,12
17/324.npy,17
15/325.npy,15
0/326.npy,0
2/327.npy,2
5/328.npy,5
4/329.npy,4
17/330.npy,17
3/331.npy,3
15/332.npy,15
9/333.npy,9
4/334.npy,4
4/335.npy,4
1/336.npy,1
4/337.npy,4
7/338.npy,7
14/339.npy,14
14/340.npy,14
2/341.npy,2
8/342.npy,8
1/343.npy,1
5/344.npy,5
5/345.npy,5
11/346.npy,11
2/347.npy,2
1/348.npy,1
18/349.npy,18
6/350.npy,6
12/351.npy,12
4/352.npy,4
10/353.npy,10
14/354.npy,14
0/355.npy,0
14/356.npy,14
14/357.npy,14
6/358.npy,6
9/359.npy,9
0/360.npy,0
7/361.npy,7
10/362.npy,10
11/363.npy,11
11/364.npy,11
8/365.npy,8
2/366.npy,2
6/367.npy,6
15/368.npy,15
5/369.npy,5
13/370.npy,13
2/371.npy,2
10/372.npy,10
12/373.npy,12
6/374.npy,6
3/375.npy,3
12/376.npy,12
12/377.npy,12
3/378.npy,3
16/379.npy,16
13/380.npy,13
7/381.npy,7
18/382.npy,18
17/383.npy,17
7/384.npy,7
13/385.npy,13
4/386.npy,4
0/387.npy,0
11/388.npy,11
15/389.npy,15
1/390.npy,1
3/391.npy,3
9/392.npy,9
0/393.npy,0
14/394.npy,14
10/395.npy,10
12/396.npy,12
4/397.npy,4
18/398.npy,18
8/399.npy,8
7/400.npy,7
2/401.npy,2
9/402.npy,9
10/403.npy,10
13/404.npy,13
11/405.npy,11
11/406.npy,11
11/407.npy,11
18/408.npy,18
12/409.npy,12
1/410.npy,1
3/411.npy,3
0/412.npy,0
18/413.npy,18
5/414.npy,5
10/415.npy,10
11/416.npy,11
15/417.npy,15
4/418.npy,4
14/419.npy,14
1/420.npy,1
14/421.npy,14
14/422.npy,14
11/423.npy,11
10/424.npy,10
6/425.npy,6
1/426.npy,1
0/427.npy,0
10/428.npy,10
14/429.npy,14
12/430.npy,12
1/431.npy,1
4/432.npy,4
16/433.npy,16
8/434.npy,8
10/435.npy,10
17/436.npy,17
4/437.npy,4
2/438.npy,2
18/439.npy,18
8/440.npy,8
6/441.npy,6
16/442.npy,16
17/443.npy,17
10/444.npy,10
2/445.npy,2
7/446.npy,7
10/447.npy,10
18/448.npy,18
13/449.npy,13
16/450.npy,16
7/451.npy,7
9/452.npy,9
14/453.npy,14
5/454.npy,5
4/455.npy,4
7/456.npy,7
1/457.npy,1
10/458.npy,10
14/459.npy,14
3/460.npy,3
6/461.npy,6
2/462.npy,2
13/463.npy,13
9/464.npy,9
15/465.npy,15
15/466.npy,15
15/467.npy,15
14/468.npy,14
16/469.npy,16
1/470.npy,1
5/471.npy,5
8/472.npy,8
3/473.npy,3
12/474.npy,12
15/475.npy,15
6/476.npy,6
18/477.npy,18
18/478.npy,18
11/479.npy,11
14/480.npy,14
14/481.npy,14
12/482.npy,12
15/483.npy,15
16/484.npy,16
12/485.npy,12
7/486.npy,7
13/487.npy,13
7/488.npy,7
5/489.npy,5
2/490.npy,2
4/491.npy,4
11/492.npy,11
12/493.npy,12
14/494.npy,14
9/495.npy,9
17/496.npy,17
3/497.npy,3
11/498.npy,11
15/499.npy,15
11/500.npy,11
12/501.npy,12
14/502.npy,14
2/503.npy,2
0/504.npy,0
11/505.npy,11
18/506.npy,18
3/507.npy,3
18/508.npy,18
11/509.npy,11
1/510.npy,1
6/511.npy,6
2/512.npy,2
8/513.npy,8
13/514.npy,13
13/515.npy,13
12/516.npy,12
18/517.npy,18
9/518.npy,9
13/519.npy,13
5/520.npy,5
1/521.npy,1
7/522.npy,7
15/523.npy,15
8/524.npy,8
17/525.npy,17
18/526.npy,18
7/527.npy,7
12/528.npy,12
1/529.npy,1
3/530.npy,3
2/531.npy,2
9/532.npy,9
18/533.npy,18
4/534.npy,4
5/535.npy,5
10/536.npy,10
11/537.npy,11
16/538.npy,16
13/539.npy,13
14/540.npy,14
12/541.npy,12
8/542.npy,8
18/543.npy,18
17/544.npy,17
7/545.npy,7
9/546.npy,9
3/547.npy,3
14/548.npy,14
1/549.npy,1
13/550.npy,13
13/551.npy,13
0/552.npy,0
15/553.npy,15
5/554.npy,5
0/555.npy,0
6/556.npy,6
5/557.npy,5
6/558.npy,6
12/559.npy,12
6/560.npy,6
5/561.npy,5
4/562.npy,4
8/563.npy,8
11/564.npy,11
7/565.npy,7
0/566.npy,0
11/567.npy,11
2/568.npy,2
17/569.npy,17
4/570.npy,4
11/571.npy,11
18/572.npy,18
3/573.npy,3
4/574.npy,4
1/575.npy,1
6/576.npy,6
2/577.npy,2
14/578.npy,14
17/579.npy,17
5/580.npy,5
14/581.npy,14
1/582.npy,1
5/583.npy,5
7/584.npy,7
11/585.npy,11
1/586.npy,1
12/587.npy,12
3/588.npy,3
17/589.npy,17
11/590.npy,11
15/591.npy,15
6/592.npy,6
8/593.npy,8
17/594.npy,17
2/595.npy,2
9/596.npy,9
10/597.npy,10
14/598.npy,14
4/599.npy,4
0/600.npy,0
6/601.npy,6
13/602.npy,13
15/603.npy,15
7/604.npy,7
14/605.npy,14
18/606.npy,18
16/607.npy,16
18/608.npy,18
16/609.npy,16
14/610.npy,14
8/611.npy,8
3/612.npy,3
12/613.npy,12
9/614.npy,9
2/615.npy,2
0/616.npy,0
18/617.npy,18
9/618.npy,9
17/619.npy,17
1/620.npy,1
18/621.npy,18
0/622.npy,0
16/623.npy,16
10/624.npy,10
15/625.npy,15
5/626.npy,5
9/627.npy,9
2/628.npy,2
18/629.npy,18
12/630.npy,12
1/631.npy,1
10/632.npy,10
13/633.npy,13
0/634.npy,0
12/635.npy,12
2/636.npy,2
5/637.npy,5
0/638.npy,0
6/639.npy,6
0/640.npy,0
1/641.npy,1
1/642.npy,1
8/643.npy,8
4/644.npy,4
14/645.npy,14
0/646.npy,0
16/647.npy,16
9/648.npy,9
0/649.npy,0
17/650.npy,17
11/651.npy,11
9/652.npy,9
5/653.npy,5
4/654.npy,4
11/655.npy,11
3/656.npy,3
1/657.npy,1
8/658.npy,8
10/659.npy,10
4/660.npy,4
2/661.npy,2
6/662.npy,6
2/663.npy,2
0/664.npy,0
9/665.npy,9
0/666.npy,0
15/667.npy,15
1/668.npy,1
5/669.npy,5
1/670.npy,1
14/671.npy,14
16/672.npy,16
6/673.npy,6
13/674.npy,13
10/675.npy,10
7/676.npy,7
13/677.npy,13
17/678.npy,17
16/679.npy,16
4/680.npy,4
10/681.npy,10
12/682.npy,12
5/683.npy,5
12/684.npy,12
13/685.npy,13
10/686.npy,10
16/687.npy,16
18/688.npy,18
3/689.npy,3
13/690.npy,13
2/691.npy,2
8/692.npy,8
9/693.npy,9
0/694.npy,0
12/695.npy,12
17/696.npy,17
0/697.npy,0
12/698.npy,12
1/699.npy,1
3/700.npy,3
6/701.npy,6
6/702.npy,6
16/703.npy,16
3/704.npy,3
5/705.npy,5
3/706.npy,3
17/707.npy,17
14/708.npy,14
13/709.npy,13
9/710.npy,9
2/711.npy,2
8/712.npy,8
9/713.npy,9
11/714.npy,11
13/715.npy,13
10/716.npy,10
7/717.npy,7
13/718.npy,13
13/719.npy,13
8/720.npy,8
1/721.npy,1
9/722.npy,9
9/723.npy,9
12/724.npy,12
7/725.npy,7
3/726.npy,3
5/727.npy,5
18/728.npy,18
16/729.npy,16
3/730.npy,3
8/731.npy,8
15/732.npy,15
13/733.npy,13
16/734.npy,16
12/735.npy,12
17/736.npy,17
8/737.npy,8
1/738.npy,1
18/739.npy,18
15/740.npy,15
5/741.npy,5
3/742.npy,3
4/743.npy,4
9/744.npy,9
9/745.npy,9
15/746.npy,15
11/747.npy,11
14/748.npy,14
10/749.npy,10
9/750.npy,9
4/751.npy,4
18/752.npy,18
6/753.npy,6
2/754.npy,2
16/755.npy,16
1/756.npy,1
18/757.npy,18
1/758.npy,1
1/759.npy,1
0/760.npy,0
15/761.npy,15
7/762.npy,7
6/763.npy,6
17/764.npy,17
13/765.npy,13
18/766.npy,18
6/767.npy,6
13/768.npy,13
10/769.npy,10
18/770.npy,18
5/771.npy,5
17/772.npy,17
17/773.npy,17
18/774.npy,18
6/775.npy,6
11/776.npy,11
7/777.npy,7
7/778.npy,7
10/779.npy,10
6/780.npy,6
5/781.npy,5
5/782.npy,5
5/783.npy,5
14/784.npy,14
8/785.npy,8
4/786.npy,4
16/787.npy,16
14/788.npy,14
2/789.npy,2
14/790.npy,14
2/791.npy,2
2/792.npy,2
9/793.npy,9
11/794.npy,11
7/795.npy,7
1/796.npy,1
4/797.npy,4
9/798.npy,9
4/799.npy,4
6/800.npy,6
13/801.npy,13
15/802.npy,15
15/803.npy,15
4/804.npy,4
9/805.npy,9
6/806.npy,6
6/807.npy,6
1/808.npy,1
6/809.npy,6
0/810.npy,0
10/811.npy,10
17/812.npy,17
15/813.npy,15
7/814.npy,7
1/815.npy,1
5/816.npy,5
1/817.npy,1
9/818.npy,9
3/819.npy,3
5/820.npy,5
11/821.npy,11
2/822.npy,2
15/823.npy,15
3/824.npy,3
5/825.npy,5
13/826.npy,13
17/827.npy,17
10/828.npy,10
18/829.npy,18
9/830.npy,9
1/831.npy,1
15/832.npy,15
11/833.npy,11
1/834.npy,1
12/835.npy,12
9/836.npy,9
17/837.npy,17
10/838.npy,10
6/839.npy,6
15/840.npy,15
16/841.npy,16
9/842.npy,9
2/843.npy,2
18/844.npy,18
11/845.npy,11
17/846.npy,17
9/847.npy,9
17/848.npy,17
0/849.npy,0
9/850.npy,9
10/851.npy,10
3/852.npy,3
16/853.npy,16
7/854.npy,7
4/855.npy,4
17/856.npy,17
16/857.npy,16
11/858.npy,11
6/859.npy,6
7/860.npy,7
3/861.npy,3
1/862.npy,1
14/863.npy,14
18/864.npy,18
2/865.npy,2
4/866.npy,4
7/867.npy,7
10/868.npy,10
17/869.npy,17
1/870.npy,1
11/871.npy,11
14/872.npy,14
0/873.npy,0
17/874.npy,17
0/875.npy,0
10/876.npy,10
10/877.npy,10
13/878.npy,13
7/879.npy,7
3/880.npy,3
9/881.npy,9
16/882.npy,16
7/883.npy,7
0/884.npy,0
15/885.npy,15
14/886.npy,14
17/887.npy,17
4/888.npy,4
18/889.npy,18
5/890.npy,5
7/891.npy,7
4/892.npy,4
6/893.npy,6
18/894.npy,18
7/895.npy,7
13/896.npy,13
8/897.npy,8
12/898.npy,12
17/899.npy,17
14/900.npy,14
4/901.npy,4
4/902.npy,4
13/903.npy,13
17/904.npy,17
6/905.npy,6
18/906.npy,18
10/907.npy,10
12/908.npy,12
17/909.npy,17
4/910.npy,4
16/911.npy,16
15/912.npy,15
9/913.npy,9
8/914.npy,8
17/915.npy,17
1/916.npy,1
7/917.npy,7
1/918.npy,1
16/919.npy,16
12/920.npy,12
2/921.npy,2
15/922.npy,15
12/923.npy,12
6/924.npy,6
15/925.npy,15
10/926.npy,10
7/927.npy,7
8/928.npy,8
9/929.npy,9
8/930.npy,8
11/931.npy,11
1/932.npy,1
13/933.npy,13
5/934.npy,5
8/935.npy,8
10/936.npy,10
8/937.npy,8
1/938.npy,1
9/939.npy,9
4/940.npy,4
10/941.npy,10
1/942.npy,1
0/943.npy,0
13/944.npy,13
2/945.npy,2
18/946.npy,18
10/947.npy,10
8/948.npy,8
5/949.npy,5
17/950.npy,17
14/951.npy,14
11/952.npy,11
6/953.npy,6
2/954.npy,2
6/955.npy,6
10/956.npy,10
2/957.npy,2
1/958.npy,1
2/959.npy,2
8/960.npy,8
15/961.npy,15
8/962.npy,8
9/963.npy,9
15/964.npy,15
15/965.npy,15
4/966.npy,4
14/967.npy,14
6/968.npy,6
7/969.npy,7
7/970.npy,7
0/971.npy,0
15/972.npy,15
12/973.npy,12
5/974.npy,5
13/975.npy,13
11/976.npy,11
13/977.npy,13
7/978.npy,7
5/979.npy,5
11/980.npy,11
2/981.npy,2
3/982.npy,3
4/983.npy,4
16/984.npy,16
4/985.npy,4
18/986.npy,18
17/987.npy,17
16/988.npy,16
7/989.npy,7
18/990.npy,18
0/991.npy,0
7/992.npy,7
6/993.npy,6
13/994.npy,13
5/995.npy,5
13/996.npy,13
8/997.npy,8
17/998.npy,17
2/999.npy,2
4/1000.npy,4
15/1001.npy,15
1/1002.npy,1
14/1003.npy,14
5/1004.npy,5
12/1005.npy,12
17/1006.npy,17
13/1007.npy,13
13/1008.npy,13
4/1009.npy,4
9/1010.npy,9
7/1011.npy,7
1/1012.npy,1
9/1013.npy,9
3/1014.npy,3
18/1015.npy,18
13/1016.npy,13
16/1017.npy,16
14/1018.npy,14
18/1019.npy,18
15/1020.npy,15
7/1021.npy,7
5/1022.npy,5
12/1023.npy,12
11/1024.npy,11
10/1025.npy,10
9/1026.npy,9
3/1027.npy,3
13/1028.npy,13
9/1029.npy,9
0/1030.npy,0
0/1031.npy,0
0/1032.npy,0
0/1033.npy,0
11/1034.npy,11
18/1035.npy,18
18/1036.npy,18
10/1037.npy,10
8/1038.npy,8
15/1039.npy,15
8/1040.npy,8
12/1041.npy,12
18/1042.npy,18
1/1043.npy,1
0/1044.npy,0
8/1045.npy,8
15/1046.npy,15
4/1047.npy,4
16/1048.npy,16
5/1049.npy,5
12/1050.npy,12
0/1051.npy,0
0/1052.npy,0
15/1053.npy,15
10/1054.npy,10
10/1055.npy,10
10/1056.npy,10
2/1057.npy,2
9/1058.npy,9
2/1059.npy,2
13/1060.npy,13
7/1061.npy,7
6/1062.npy,6
14/1063.npy,14
17/1064.npy,17
12/1065.npy,12
9/1066.npy,9
3/1067.npy,3
6/1068.npy,6
3/1069.npy,3
7/1070.npy,7
6/1071.npy,6
18/1072.npy,18
13/1073.npy,13
4/1074.npy,4
11/1075.npy,11
8/1076.npy,8
5/1077.npy,5
15/1078.npy,15
18/1079.npy,18
14/1080.npy,14
9/1081.npy,9
5/1082.npy,5
14/1083.npy,14
14/1084.npy,14
8/1085.npy,8
17/1086.npy,17
18/1087.npy,18
18/1088.npy,18
16/1089.npy,16
17/1090.npy,17
11/1091.npy,11
3/1092.npy,3
3/1093.npy,3
18/1094.npy,18
17/1095.npy,17
9/1096.npy,9
10/1097.npy,10
8/1098.npy,8
15/1099.npy,15
8/1100.npy,8
17/1101.npy,17
2/1102.npy,2
11/1103.npy,11
13/1104.npy,13
12/1105.npy,12
13/1106.npy,13
13/1107.npy,13
8/1108.npy,8
17/1109.npy,17
8/1110.npy,8
3/1111.npy,3
5/1112.npy,5
0/1113.npy,0
13/1114.npy,13
2/1115.npy,2
10/1116.npy,10
6/1117.npy,6
12/1118.npy,12
3/1119.npy,3
1/1120.npy,1
4/1121.npy,4
4/1122.npy,4
6/1123.npy,6
10/1124.npy,10
6/1125.npy,6
4/1126.npy,4
14/1127.npy,14
2/1128.npy,2
8/1129.npy,8
15/1130.npy,15
13/1131.npy,13
11/1132.npy,11
2/1133.npy,2
11/1134.npy,11
11/1135.npy,11
1/1136.npy,1
16/1137.npy,16
17/1138.npy,17
11/1139.npy,11
15/0.npy,15
3/1.npy,3
0/2.npy,0
15/3.npy,15
15/4.npy,15
0/5.npy,0
11/6.npy,11
12/7.npy,12
2/8.npy,2
7/9.npy,7
11/10.npy,11
12/11.npy,12
7/12.npy,7
1/13.npy,1
9/14.npy,9
12/15.npy,12
3/16.npy,3
4/17.npy,4
8/18.npy,8
7/19.npy,7
9/20.npy,9
12/21.npy,12
3/22.npy,3
11/23.npy,11
15/24.npy,15
8/25.npy,8
17/26.npy,17
5/27.npy,5
13/28.npy,13
7/29.npy,7
1/30.npy,1
8/31.npy,8
14/32.npy,14
7/33.npy,7
16/34.npy,16
15/35.npy,15
14/36.npy,14
15/37.npy,15
4/38.npy,4
10/39.npy,10
6/40.npy,6
13/41.npy,13
13/42.npy,13
3/43.npy,3
18/44.npy,18
9/45.npy,9
8/46.npy,8
7/47.npy,7
12/48.npy,12
2/49.npy,2
11/50.npy,11
2/51.npy,2
1/52.npy,1
14/53.npy,14
10/54.npy,10
18/55.npy,18
10/56.npy,10
3/57.npy,3
6/58.npy,6
16/59.npy,16
4/60.npy,4
6/61.npy,6
11/62.npy,11
2/63.npy,2
14/64.npy,14
8/65.npy,8
5/66.npy,5
11/67.npy,11
3/68.npy,3
16/69.npy,16
10/70.npy,10
13/71.npy,13
12/72.npy,12
7/73.npy,7
0/74.npy,0
4/75.npy,4
5/76.npy,5
10/77.npy,10
11/78.npy,11
2/79.npy,2
5/80.npy,5
14/81.npy,14
1/82.npy,1
4/83.npy,4
11/84.npy,11
2/85.npy,2
13/86.npy,13
0/87.npy,0
9/88.npy,9
18/89.npy,18
11/90.npy,11
17/91.npy,17
10/92.npy,10
5/93.npy,5
7/94.npy,7
15/95.npy,15
10/96.npy,10
7/97.npy,7
8/98.npy,8
5/99.npy,5
17/100.npy,17
2/101.npy,2
12/102.npy,12
12/103.npy,12
16/104.npy,16
2/105.npy,2
8/106.npy,8
0/107.npy,0
6/108.npy,6
0/109.npy,0
5/110.npy,5
5/111.npy,5
6/112.npy,6
8/113.npy,8
18/114.npy,18
4/115.npy,4
11/116.npy,11
11/117.npy,11
18/118.npy,18
9/119.npy,9
6/120.npy,6
14/121.npy,14
4/122.npy,4
10/123.npy,10
1/124.npy,1
16/125.npy,16
18/126.npy,18
13/127.npy,13
17/128.npy,17
18/129.npy,18
12/130.npy,12
5/131.npy,5
1/132.npy,1
2/133.npy,2
14/134.npy,14
11/135.npy,11
1/136.npy,1
14/137.npy,14
9/138.npy,9
0/139.npy,0
8/140.npy,8
8/141.npy,8
15/142.npy,15
12/143.npy,12
14/144.npy,14
14/145.npy,14
16/146.npy,16
13/147.npy,13
5/148.npy,5
14/149.npy,14
6/150.npy,6
15/151.npy,15
15/152.npy,15
7/153.npy,7
6/154.npy,6
15/155.npy,15
7/156.npy,7
11/157.npy,11
1/158.npy,1
12/159.npy,12
10/160.npy,10
1/161.npy,1
5/162.npy,5
6/163.npy,6
7/164.npy,7
1/165.npy,1
14/166.npy,14
17/167.npy,17
0/168.npy,0
8/169.npy,8
3/170.npy,3
13/171.npy,13
17/172.npy,17
1/173.npy,1
6/174.npy,6
16/175.npy,16
7/176.npy,7
3/177.npy,3
18/178.npy,18
2/179.npy,2
12/180.npy,12
6/181.npy,6
9/182.npy,9
4/183.npy,4
6/184.npy,6
2/185.npy,2
12/186.npy,12
12/187.npy,12
1/188.npy,1
4/189.npy,4
10/190.npy,10
16/191.npy,16
13/192.npy,13
2/193.npy,2
5/194.npy,5
15/195.npy,15
9/196.npy,9
11/197.npy,11
13/198.npy,13
17/199.npy,17
15/200.npy,15
5/201.npy,5
12/202.npy,12
9/203.npy,9
12/204.npy,12
16/205.npy,16
11/206.npy,11
18/207.npy,18
13/208.npy,13
15/209.npy,15
7/210.npy,7
12/211.npy,12
1/212.npy,1
14/213.npy,14
0/214.npy,0
4/215.npy,4
0/216.npy,0
17/217.npy,17
1/218.npy,1
17/219.npy,17
18/220.npy,18
12/221.npy,12
8/222.npy,8
11/223.npy,11
16/224.npy,16
7/225.npy,7
8/226.npy,8
8/227.npy,8
7/228.npy,7
1/229.npy,1
6/230.npy,6
1/231.npy,1
0/232.npy,0
12/233.npy,12
2/234.npy,2
9/235.npy,9
17/236.npy,17
6/237.npy,6
7/238.npy,7
11/239.npy,11
13/240.npy,13
7/241.npy,7
16/242.npy,16
0/243.npy,0
11/244.npy,11
2/245.npy,2
17/246.npy,17
6/247.npy,6
4/248.npy,4
11/249.npy,11
0/250.npy,0
11/251.npy,11
7/252.npy,7
1/253.npy,1
3/254.npy,3
17/255.npy,17
3/256.npy,3
10/257.npy,10
0/258.npy,0
11/259.npy,11
6/260.npy,6
11/261.npy,11
5/262.npy,5
6/263.npy,6
14/264.npy,14
4/265.npy,4
0/266.npy,0
8/267.npy,8
18/268.npy,18
17/269.npy,17
18/270.npy,18
2/271.npy,2
2/272.npy,2
0/273.npy,0
2/274.npy,2
12/275.npy,12
6/276.npy,6
11/277.npy,11
16/278.npy,16
2/279.npy,2
16/280.npy,16
4/281.npy,4
12/282.npy,12
16/283.npy,16
10/284.npy,10
5/285.npy,5
13/286.npy,13
6/287.npy,6
6/288.npy,6
4/289.npy,4
8/290.npy,8
10/291.npy,10
9/292.npy,9
10/293.npy,10
14/294.npy,14
12/295.npy,12
3/296.npy,3
5/297.npy,5
1/298.npy,1
0/299.npy,0
2/300.npy,2
11/301.npy,11
13/302.npy,13
1/303.npy,1
5/304.npy,5
4/305.npy,4
17/306.npy,17
12/307.npy,12
4/308.npy,4
11/309.npy,11
4/310.npy,4
2/311.npy,2
9/312.npy,9
8/313.npy,8
2/314.npy,2
0/315.npy,0
10/316.npy,10
6/317.npy,6
17/318.npy,17
0/319.npy,0
16/320.npy,16
1/321.npy,1
1/322.npy,1
0/323.npy,0
6/324.npy,6
8/325.npy,8
2/326.npy,2
16/327.npy,16
2/328.npy,2
9/329.npy,9
13/330.npy,13
9/331.npy,9
7/332.npy,7
16/333.npy,16
11/334.npy,11
13/335.npy,13
7/336.npy,7
2/337.npy,2
11/338.npy,11
18/339.npy,18
5/340.npy,5
17/341.npy,17
7/342.npy,7
15/343.npy,15
5/344.npy,5
4/345.npy,4
9/346.npy,9
7/347.npy,7
9/348.npy,9
7/349.npy,7
8/350.npy,8
7/351.npy,7
16/352.npy,16
0/353.npy,0
14/354.npy,14
13/355.npy,13
2/356.npy,2
9/357.npy,9
11/358.npy,11
8/359.npy,8
9/360.npy,9
10/361.npy,10
4/362.npy,4
5/363.npy,5
1/364.npy,1
8/365.npy,8
17/366.npy,17
17/367.npy,17
8/368.npy,8
10/369.npy,10
16/370.npy,16
4/371.npy,4
10/372.npy,10
1/373.npy,1
8/374.npy,8
7/375.npy,7
5/376.npy,5
8/377.npy,8
5/378.npy,5
12/379.npy,12
9/380.npy,9
1/381.npy,1
17/382.npy,17
10/383.npy,10
0/384.npy,0
2/385.npy,2
0/386.npy,0
7/387.npy,7
8/388.npy,8
3/389.npy,3
1/390.npy,1
3/391.npy,3
10/392.npy,10
1/393.npy,1
0/394.npy,0
14/395.npy,14
3/396.npy,3
14/397.npy,14
12/398.npy,12
15/399.npy,15
13/400.npy,13
17/401.npy,17
13/402.npy,13
2/403.npy,2
14/404.npy,14
11/405.npy,11
7/406.npy,7
5/407.npy,5
6/408.npy,6
16/409.npy,16
13/410.npy,13
9/411.npy,9
6/412.npy,6
16/413.npy,16
6/414.npy,6
18/415.npy,18
18/416.npy,18
12/417.npy,12
7/418.npy,7
16/419.npy,16
16/420.npy,16
17/421.npy,17
2/422.npy,2
10/423.npy,10
18/424.npy,18
18/425.npy,18
8/426.npy,8
10/427.npy,10
9/428.npy,9
8/429.npy,8
8/430.npy,8
8/431.npy,8
17/432.npy,17
10/433.npy,10
8/434.npy,8
4/435.npy,4
0/436.npy,0
18/437.npy,18
17/438.npy,17
13/439.npy,13
4/440.npy,4
11/441.npy,11
10/442.npy,10
16/443.npy,16
4/444.npy,4
4/445.npy,4
9/446.npy,9
5/447.npy,5
9/448.npy,9
9/449.npy,9
2/450.npy,2
8/451.npy,8
13/452.npy,13
0/453.npy,0
17/454.npy,17
13/455.npy,13
14/456.npy,14
17/457.npy,17
9/458.npy,9
2/459.npy,2
18/460.npy,18
8/461.npy,8
9/462.npy,9
2/463.npy,2
3/464.npy,3
14/465.npy,14
3/466.npy,3
16/467.npy,16
15/468.npy,15
4/469.npy,4
8/470.npy,8
17/471.npy,17
13/472.npy,13
15/473.npy,15
12/474.npy,12
18/475.npy,18
12/476.npy,12
0/477.npy,0
4/478.npy,4
10/479.npy,10
8/480.npy,8
9/481.npy,9
7/482.npy,7
0/483.npy,0
12/484.npy,12
0/485.npy,0
14/486.npy,14
3/487.npy,3
3/488.npy,3
6/489.npy,6
13/490.npy,13
11/491.npy,11
4/492.npy,4
18/493.npy,18
17/494.npy,17
13/495.npy,13
12/496.npy,12
4/497.npy,4
13/498.npy,13
16/499.npy,16
0/500.npy,0
18/501.npy,18
13/502.npy,13
1/503.npy,1
17/504.npy,17
14/505.npy,14
2/506.npy,2
10/507.npy,10
9/508.npy,9
3/509.npy,3
7/510.npy,7
13/511.npy,13
7/512.npy,7
18/513.npy,18
12/514.npy,12
0/515.npy,0
16/516.npy,16
6/517.npy,6
4/518.npy,4
11/519.npy,11
12/520.npy,12
12/521.npy,12
2/522.npy,2
2/523.npy,2
9/524.npy,9
11/525.npy,11
8/526.npy,8
9/527.npy,9
15/528.npy,15
10/529.npy,10
2/530.npy,2
12/531.npy,12
3/532.npy,3
9/533.npy,9
16/534.npy,16
13/535.npy,13
2/536.npy,2
17/537.npy,17
15/538.npy,15
18/539.npy,18
1/540.npy,1
16/541.npy,16
4/542.npy,4
12/543.npy,12
16/544.npy,16
6/545.npy,6
8/546.npy,8
5/547.npy,5
9/548.npy,9
9/549.npy,9
3/550.npy,3
5/551.npy,5
18/552.npy,18
11/553.npy,11
14/554.npy,14
14/555.npy,14
2/556.npy,2
13/557.npy,13
0/558.npy,0
9/559.npy,9
14/560.npy,14
0/561.npy,0
1/562.npy,1
18/563.npy,18
18/564.npy,18
1/565.npy,1
16/566.npy,16
7/567.npy,7
0/568.npy,0
5/569.npy,5
5/570.npy,5
15/571.npy,15
2/572.npy,2
8/573.npy,8
4/574.npy,4
15/575.npy,15
9/576.npy,9
0/577.npy,0
2/578.npy,2
8/579.npy,8
1/580.npy,1
13/581.npy,13
5/582.npy,5
5/583.npy,5
5/584.npy,5
6/585.npy,6
10/586.npy,10
16/587.npy,16
14/588.npy,14
10/589.npy,10
9/590.npy,9
4/591.npy,4
4/592.npy,4
12/593.npy,12
5/594.npy,5
1/595.npy,1
18/596.npy,18
15/597.npy,15
0/598.npy,0
10/599.npy,10
12/600.npy,12
4/601.npy,4
18/602.npy,18
3/603.npy,3
16/604.npy,16
5/605.npy,5
7/606.npy,7
5/607.npy,5
4/608.npy,4
1/609.npy,1
12/610.npy,12
14/611.npy,14
16/612.npy,16
4/613.npy,4
5/614.npy,5
17/615.npy,17
7/616.npy,7
18/617.npy,18
15/618.npy,15
14/619.npy,14
11/620.npy,11
7/621.npy,7
0/622.npy,0
17/623.npy,17
17/624.npy,17
8/625.npy,8
17/626.npy,17
5/627.npy,5
15/628.npy,15
15/629.npy,15
9/630.npy,9
2/631.npy,2
14/632.npy,14
10/633.npy,10
18/634.npy,18
1/635.npy,1
0/636.npy,0
5/637.npy,5
14/638.npy,14
0/639.npy,0
17/640.npy,17
8/641.npy,8
1/642.npy,1
4/643.npy,4
10/644.npy,10
12/645.npy,12
13/646.npy,13
8/647.npy,8
14/648.npy,14
13/649.npy,13
11/650.npy,11
3/651.npy,3
18/652.npy,18
18/653.npy,18
18/654.npy,18
15/655.npy,15
13/656.npy,13
6/657.npy,6
18/658.npy,18
6/659.npy,6
1/660.npy,1
7/661.npy,7
8/662.npy,8
15/663.npy,15
13/664.npy,13
0/665.npy,0
11/666.npy,11
12/667.npy,12
5/668.npy,5
14/669.npy,14
11/670.npy,11
13/671.npy,13
14/672.npy,14
3/673.npy,3
10/674.npy,10
11/675.npy,11
8/676.npy,8
11/677.npy,11
5/678.npy,5
9/679.npy,9
4/680.npy,4
2/681.npy,2
3/682.npy,3
2/683.npy,2
3/684.npy,3
16/685.npy,16
15/686.npy,15
16/687.npy,16
9/688.npy,9
14/689.npy,14
13/690.npy,13
9/691.npy,9
5/692.npy,5
15/693.npy,15
18/694.npy,18
17/695.npy,17
0/696.npy,0
7/697.npy,7
13/698.npy,13
17/699.npy,17
7/700.npy,7
18/701.npy,18
6/702.npy,6
10/703.npy,10
7/704.npy,7
17/705.npy,17
6/706.npy,6
14/707.npy,14
3/708.npy,3
0/709.npy,0
2/710.npy,2
11/711.npy,11
2/712.npy,2
0/713.npy,0
18/714.npy,18
10/715.npy,10
5/716.npy,5
1/717.npy,1
12/718.npy,12
7/719.npy,7
0/720.npy,0
10/721.npy,10
18/722.npy,18
13/723.npy,13
17/724.npy,17
4/725.npy,4
14/726.npy,14
3/727.npy,3
13/728.npy,13
10/729.npy,10
5/730.npy,5
9/731.npy,9
9/732.npy,9
3/733.npy,3
2/734.npy,2
18/735.npy,18
11/736.npy,11
14/737.npy,14
17/738.npy,17
15/739.npy,15
10/740.npy,10
13/741.npy,13
6/742.npy,6
2/743.npy,2
8/744.npy,8
1/745.npy,1
15/746.npy,15
10/747.npy,10
12/748.npy,12
6/749.npy,6
12/750.npy,12
8/751.npy,8
0/752.npy,0
6/753.npy,6
13/754.npy,13
9/755.npy,9
16/756.npy,16
10/757.npy,10
15/758.npy,15
15/759.npy,15
14/760.npy,14
15/761.npy,15
17/762.npy,17
5/763.npy,5
17/764.npy,17
11/765.npy,11
3/766.npy,3
3/767.npy,3
17/768.npy,17
0/769.npy,0
18/770.npy,18
9/771.npy,9
15/772.npy,15
8/773.npy,8
7/774.npy,7
1/775.npy,1
1/776.npy,1
9/777.npy,9
15/778.npy,15
3/779.npy,3
10/780.npy,10
1/781.npy,1
8/782.npy,8
4/783.npy,4
11/784.npy,11
12/785.npy,12
4/786.npy,4
6/787.npy,6
8/788.npy,8
10/789.npy,10
15/790.npy,15
8/791.npy,8
5/792.npy,5
18/793.npy,18
1/794.npy,1
3/795.npy,3
6/796.npy,6
9/797.npy,9
5/798.npy,5
13/799.npy,13
18/800.npy,18
4/801.npy,4
17/802.npy,17
16/803.npy,16
18/804.npy,18
0/805.npy,0
17/806.npy,17
10/807.npy,10
12/808.npy,12
11/809.npy,11
4/810.npy,4
11/811.npy,11
1/812.npy,1
16/813.npy,16
17/814.npy,17
4/815.npy,4
0/816.npy,0
7/817.npy,7
4/818.npy,4
15/819.npy,15
7/820.npy,7
17/821.npy,17
5/822.npy,5
6/823.npy,6
9/824.npy,9
11/825.npy,11
15/826.npy,15
6/827.npy,6
13/828.npy,13
15/829.npy,15
1/830.npy,1
16/831.npy,16
4/832.npy,4
10/833.npy,10
8/834.npy,8
18/835.npy,18
15/836.npy,15
9/837.npy,9
10/838.npy,10
15/839.npy,15
17/840.npy,17
6/841.npy,6
9/842.npy,9
14/843.npy,14
13/844.npy,13
11/845.npy,11
4/846.npy,4
4/847.npy,4
2/848.npy,2
2/849.npy,2
11/850.npy,11
11/851.npy,11
8/852.npy,8
5/853.npy,5
16/854.npy,16
12/855.npy,12
10/856.npy,10
4/857.npy,4
0/858.npy,0
10/859.npy,10
14/860.npy,14
14/861.npy,14
18/862.npy,18
7/863.npy,7
10/864.npy,10
7/865.npy,7
17/866.npy,17
13/867.npy,13
11/868.npy,11
13/869.npy,13
9/870.npy,9
4/871.npy,4
4/872.npy,4
3/873.npy,3
16/874.npy,16
18/875.npy,18
14/876.npy,14
12/877.npy,12
18/878.npy,18
11/879.npy,11
1/880.npy,1
7/881.npy,7
2/882.npy,2
4/883.npy,4
3/884.npy,3
12/885.npy,12
3/886.npy,3
0/887.npy,0
18/888.npy,18
17/889.npy,17
4/890.npy,4
3/891.npy,3
1/892.npy,1
7/893.npy,7
14/894.npy,14
9/895.npy,9
7/896.npy,7
9/897.npy,9
13/898.npy,13
14/899.npy,14
18/900.npy,18
17/901.npy,17
1/902.npy,1
1/903.npy,1
5/904.npy,5
15/905.npy,15
2/906.npy,2
10/907.npy,10
6/908.npy,6
10/909.npy,10
6/910.npy,6
15/911.npy,15
9/912.npy,9
3/913.npy,3
3/914.npy,3
12/915.npy,12
7/916.npy,7
4/917.npy,4
15/918.npy,15
6/919.npy,6
9/920.npy,9
6/921.npy,6
16/922.npy,16
16/923.npy,16
16/924.npy,16
15/925.npy,15
5/926.npy,5
13/927.npy,13
14/928.npy,14
15/929.npy,15
6/930.npy,6
3/931.npy,3
17/932.npy,17
1/933.npy,1
15/934.npy,15
0/935.npy,0
17/936.npy,17
2/937.npy,2
14/938.npy,14
12/939.npy,12
8/940.npy,8
0/941.npy,0
16/942.npy,16
5/943.npy,5
5/944.npy,5
1/945.npy,1
16/946.npy,16
5/947.npy,5
10/948.npy,10
1/949.npy,1
16/950.npy,16
7/951.npy,7
12/952.npy,12
0/953.npy,0
9/954.npy,9
6/955.npy,6
16/956.npy,16
6/957.npy,6
3/958.npy,3
8/959.npy,8
4/960.npy,4
9/961.npy,9
13/962.npy,13
6/963.npy,6
16/964.npy,16
18/965.npy,18
13/966.npy,13
14/967.npy,14
0/968.npy,0
18/969.npy,18
1/970.npy,1
10/971.npy,10
1/972.npy,1
3/973.npy,3
2/974.npy,2
2/975.npy,2
9/976.npy,9
5/977.npy,5
10/978.npy,10
0/979.npy,0
16/980.npy,16
13/981.npy,13
0/982.npy,0
0/983.npy,0
5/984.npy,5
8/985.npy,8
11/986.npy,11
0/987.npy,0
14/988.npy,14
17/989.npy,17
10/990.npy,10
15/991.npy,15
6/992.npy,6
11/993.npy,11
8/994.npy,8
3/995.npy,3
17/996.npy,17
12/997.npy,12
12/998.npy,12
2/999.npy,2
0/1000.npy,0
14/1001.npy,14
7/1002.npy,7
11/1003.npy,11
16/1004.npy,16
17/1005.npy,17
12/1006.npy,12
10/1007.npy,10
8/1008.npy,8
17/1009.npy,17
5/1010.npy,5
16/1011.npy,16
15/1012.npy,15
2/1013.npy,2
4/1014.npy,4
13/1015.npy,13
16/1016.npy,16
3/1017.npy,3
18/1018.npy,18
3/1019.npy,3
5/1020.npy,5
16/1021.npy,16
18/1022.npy,18
7/1023.npy,7
17/1024.npy,17
3/1025.npy,3
2/1026.npy,2
4/1027.npy,4
15/1028.npy,15
10/1029.npy,10
1/1030.npy,1
7/1031.npy,7
7/1032.npy,7
7/1033.npy,7
8/1034.npy,8
4/1035.npy,4
5/1036.npy,5
10/1037.npy,10
0/1038.npy,0
17/1039.npy,17
7/1040.npy,7
14/1041.npy,14
10/1042.npy,10
8/1043.npy,8
3/1044.npy,3
15/1045.npy,15
3/1046.npy,3
14/1047.npy,14
5/1048.npy,5
6/1049.npy,6
11/1050.npy,11
9/1051.npy,9
16/1052.npy,16
12/1053.npy,12
14/1054.npy,14
13/1055.npy,13
12/1056.npy,12
3/1057.npy,3
1/1058.npy,1
6/1059.npy,6
1/1060.npy,1
1/1061.npy,1
13/1062.npy,13
6/1063.npy,6
7/1064.npy,7
12/1065.npy,12
3/1066.npy,3
15/1067.npy,15
6/1068.npy,6
13/1069.npy,13
3/1070.npy,3
14/1071.npy,14
8/1072.npy,8
2/1073.npy,2
12/1074.npy,12
12/1075.npy,12
7/1076.npy,7
3/1077.npy,3
12/1078.npy,12
18/1079.npy,18
2/1080.npy,2
3/1081.npy,3
3/1082.npy,3
18/1083.npy,18
10/1084.npy,10
18/1085.npy,18
16/1086.npy,16
8/1087.npy,8
6/1088.npy,6
5/1089.npy,5
1/1090.npy,1
6/1091.npy,6
3/1092.npy,3
1/1093.npy,1
15/1094.npy,15
16/1095.npy,16
9/1096.npy,9
14/1097.npy,14
13/1098.npy,13
4/1099.npy,4
11/1100.npy,11
2/1101.npy,2
18/1102.npy,18
15/1103.npy,15
6/1104.npy,6
3/1105.npy,3
11/1106.npy,11
16/1107.npy,16
15/1108.npy,15
13/1109.npy,13
13/1110.npy,13
2/1111.npy,2
6/1112.npy,6
15/1113.npy,15
3/1114.npy,3
17/1115.npy,17
18/1116.npy,18
3/1117.npy,3
14/1118.npy,14
16/1119.npy,16
10/1120.npy,10
14/1121.npy,14
4/1122.npy,4
9/1123.npy,9
3/1124.npy,3
11/1125.npy,11
14/1126.npy,14
3/1127.npy,3
1/1128.npy,1
15/1129.npy,15
18/1130.npy,18
17/1131.npy,17
15/1132.npy,15
14/1133.npy,14
6/1134.npy,6
11/1135.npy,11
5/1136.npy,5
14/1137.npy,14
7/1138.npy,7
6/1139.npy,6
6/0.npy,6
15/1.npy,15
16/2.npy,16
16/3.npy,16
11/4.npy,11
3/5.npy,3
13/6.npy,13
8/7.npy,8
2/8.npy,2
5/9.npy,5
10/10.npy,10
17/11.npy,17
15/12.npy,15
15/13.npy,15
2/14.npy,2
9/15.npy,9
9/16.npy,9
13/17.npy,13
4/18.npy,4
18/19.npy,18
6/20.npy,6
1/21.npy,1
15/22.npy,15
6/23.npy,6
8/24.npy,8
5/25.npy,5
7/26.npy,7
1/27.npy,1
3/28.npy,3
6/29.npy,6
12/30.npy,12
12/31.npy,12
2/32.npy,2
3/33.npy,3
7/34.npy,7
18/35.npy,18
2/36.npy,2
18/37.npy,18
14/38.npy,14
14/39.npy,14
10/40.npy,10
12/41.npy,12
1/42.npy,1
6/43.npy,6
12/44.npy,12
13/45.npy,13
0/46.npy,0
5/47.npy,5
14/48.npy,14
6/49.npy,6
12/50.npy,12
15/51.npy,15
18/52.npy,18
16/53.npy,16
8/54.npy,8
15/55.npy,15
9/56.npy,9
1/57.npy,1
9/58.npy,9
14/59.npy,14
16/60.npy,16
3/61.npy,3
9/62.npy,9
5/63.npy,5
12/64.npy,12
6/65.npy,6
13/66.npy,13
6/67.npy,6
2/68.npy,2
15/69.npy,15
17/70.npy,17
2/71.npy,2
18/72.npy,18
4/73.npy,4
12/74.npy,12
9/75.npy,9
13/76.npy,13
13/77.npy,13
13/78.npy,13
14/79.npy,14
5/80.npy,5
1/81.npy,1
12/82.npy,12
18/83.npy,18
11/84.npy,11
14/85.npy,14
10/86.npy,10
0/87.npy,0
13/88.npy,13
9/89.npy,9
9/90.npy,9
14/91.npy,14
7/92.npy,7
6/93.npy,6
2/94.npy,2
1/95.npy,1
3/96.npy,3
8/97.npy,8
0/98.npy,0
16/99.npy,16
0/100.npy,0
0/101.npy,0
11/102.npy,11
18/103.npy,18
5/104.npy,5
2/105.npy,2
2/106.npy,2
2/107.npy,2
18/108.npy,18
10/109.npy,10
4/110.npy,4
3/111.npy,3
11/112.npy,11
6/113.npy,6
13/114.npy,13
2/115.npy,2
15/116.npy,15
0/117.npy,0
11/118.npy,11
5/119.npy,5
15/120.npy,15
8/121.npy,8
11/122.npy,11
6/123.npy,6
7/124.npy,7
8/125.npy,8
6/126.npy,6
5/127.npy,5
17/128.npy,17
2/129.npy,2
11/130.npy,11
0/131.npy,0
1/132.npy,1
11/133.npy,11
15/134.npy,15
16/135.npy,16
10/136.npy,10
1/137.npy,1
1/138.npy,1
13/139.npy,13
7/140.npy,7
14/141.npy,14
9/142.npy,9
18/143.npy,18
3/144.npy,3
14/145.npy,14
15/146.npy,15
0/147.npy,0
8/148.npy,8
6/149.npy,6
13/150.npy,13
14/151.npy,14
11/152.npy,11
9/153.npy,9
17/154.npy,17
6/155.npy,6
6/156.npy,6
8/157.npy,8
2/158.npy,2
10/159.npy,10
1/160.npy,1
7/161.npy,7
16/162.npy,16
5/163.npy,5
7/164.npy,7
14/165.npy,14
7/166.npy,7
12/167.npy,12
7/168.npy,7
12/169.npy,12
17/170.npy,17
8/171.npy,8
6/172.npy,6
16/173.npy,16
3/174.npy,3
15/175.npy,15
15/176.npy,15
11/177.npy,11
17/178.npy,17
8/179.npy,8
18/180.npy,18
10/181.npy,10
0/182.npy,0
5/183.npy,5
17/184.npy,17
10/185.npy,10
16/186.npy,16
13/187.npy,13
11/188.npy,11
14/189.npy,14
15/190.npy,15
14/191.npy,14
18/192.npy,18
15/193.npy,15
6/194.npy,6
1/195.npy,1
11/196.npy,11
10/197.npy,10
13/198.npy,13
11/199.npy,11
8/200.npy,8
14/201.npy,14
5/202.npy,5
13/203.npy,13
1/204.npy,1
2/205.npy,2
7/206.npy,7
2/207.npy,2
13/208.npy,13
11/209.npy,11
18/210.npy,18
17/211.npy,17
16/212.npy,16
6/213.npy,6
10/214.npy,10
6/215.npy,6
9/216.npy,9
1/217.npy,1
3/218.npy,3
4/219.npy,4
1/220.npy,1
11/221.npy,11
1/222.npy,1
0/223.npy,0
18/224.npy,18
10/225.npy,10
5/226.npy,5
8/227.npy,8
16/228.npy,16
8/229.npy,8
18/230.npy,18
1/231.npy,1
16/232.npy,16
7/233.npy,7
6/234.npy,6
16/235.npy,16
1/236.npy,1
7/237.npy,7
11/238.npy,11
12/239.npy,12
3/240.npy,3
3/241.npy,3
15/242.npy,15
18/243.npy,18
9/244.npy,9
16/245.npy,16
5/246.npy,5
15/247.npy,15
9/248.npy,9
9/249.npy,9
11/250.npy,11
8/251.npy,8
2/252.npy,2
11/253.npy,11
10/254.npy,10
5/255.npy,5
15/256.npy,15
8/257.npy,8
18/258.npy,18
11/259.npy,11
17/260.npy,17
8/261.npy,8
7/262.npy,7
13/263.npy,13
14/264.npy,14
1/265.npy,1
7/266.npy,7
11/267.npy,11
16/268.npy,16
15/269.npy,15
13/270.npy,13
3/271.npy,3
2/272.npy,2
5/273.npy,5
5/274.npy,5
14/275.npy,14
13/276.npy,13
15/277.npy,15
2/278.npy,2
1/279.npy,1
17/280.npy,17
10/281.npy,10
18/282.npy,18
4/283.npy,4
15/284.npy,15
15/285.npy,15
17/286.npy,17
17/287.npy,17
6/288.npy,6
2/289.npy,2
12/290.npy,12
16/291.npy,16
4/292.npy,4
9/293.npy,9
4/294.npy,4
12/295.npy,12
0/296.npy,0
4/297.npy,4
3/298.npy,3
3/299.npy,3
4/300.npy,4
15/301.npy,15
7/302.npy,7
9/303.npy,9
4/304.npy,4
8/305.npy,8
14/306.npy,14
5/307.npy,5
7/308.npy,7
14/309.npy,14
3/310.npy,3
3/311.npy,3
3/312.npy,3
11/313.npy,11
11/314.npy,11
4/315.npy,4
2/316.npy,2
9/317.npy,9
12/318.npy,12
5/319.npy,5
9/320.npy,9
7/321.npy,7
1/322.npy,1
18/323.npy,18
7/324.npy,7
8/325.npy,8
2/326.npy,2
2/327.npy,2
10/328.npy,10
4/329.npy,4
0/330.npy,0
10/331.npy,10
0/332.npy,0
8/333.npy,8
10/334.npy,10
5/335.npy,5
9/336.npy,9
15/337.npy,15
7/338.npy,7
1/339.npy,1
3/340.npy,3
6/341.npy,6
5/342.npy,5
4/343.npy,4
2/344.npy,2
15/345.npy,15
13/346.npy,13
16/347.npy,16
18/348.npy,18
9/349.npy,9
0/350.npy,0
11/351.npy,11
8/352.npy,8
1/353.npy,1
4/354.npy,4
12/355.npy,12
15/356.npy,15
4/357.npy,4
14/358.npy,14
2/359.npy,2
18/360.npy,18
1/361.npy,1
0/362.npy,0
6/363.npy,6
13/364.npy,13
17/365.npy,17
7/366.npy,7
4/367.npy,4
10/368.npy,10
3/369.npy,3
1/370.npy,1
13/371.npy,13
1/372.npy,1
17/373.npy,17
15/374.npy,15
0/375.npy,0
2/376.npy,2
10/377.npy,10
11/378.npy,11
5/379.npy,5
4/380.npy,4
16/381.npy,16
8/382.npy,8
7/383.npy,7
2/384.npy,2
3/385.npy,3
17/386.npy,17
6/387.npy,6
15/388.npy,15
5/389.npy,5
15/390.npy,15
5/391.npy,5
18/392.npy,18
7/393.npy,7
9/394.npy,9
9/395.npy,9
9/396.npy,9
13/397.npy,13
1/398.npy,1
9/399.npy,9
7/400.npy,7
2/401.npy,2
1/402.npy,1
15/403.npy,15
2/404.npy,2
5/405.npy,5
9/406.npy,9
4/407.npy,4
13/408.npy,13
3/409.npy,3
12/410.npy,12
0/411.npy,0
9/412.npy,9
12/413.npy,12
13/414.npy,13
5/415.npy,5
2/416.npy,2
3/417.npy,3
9/418.npy,9
18/419.npy,18
1/420.npy,1
2/421.npy,2
13/422.npy,13
7/423.npy,7
8/424.npy,8
0/425.npy,0
0/426.npy,0
2/427.npy,2
1/428.npy,1
10/429.npy,10
8/430.npy,8
8/431.npy,8
17/432.npy,17
15/433.npy,15
18/434.npy,18
18/435.npy,18
14/436.npy,14
0/437.npy,0
12/438.npy,12
8/439.npy,8
18/440.npy,18
14/441.npy,14
8/442.npy,8
0/443.npy,0
14/444.npy,14
7/445.npy,7
16/446.npy,16
2/447.npy,2
10/448.npy,10
15/449.npy,15
14/450.npy,14
4/451.npy,4
4/452.npy,4
13/453.npy,13
5/454.npy,5
8/455.npy,8
11/456.npy,11
15/457.npy,15
6/458.npy,6
6/459.npy,6
11/460.npy,11
15/461.npy,15
8/462.npy,8
0/463.npy,0
6/464.npy,6
8/465.npy,8
14/466.npy,14
9/467.npy,9
15/468.npy,15
4/469.npy,4
8/470.npy,8
7/471.npy,7
10/472.npy,10
1/473.npy,1
16/474.npy,16
5/475.npy,5
14/476.npy,14
10/477.npy,10
3/478.npy,3
12/479.npy,12
12/480.npy,12
17/481.npy,17
5/482.npy,5
12/483.npy,12
5/484.npy,5
14/485.npy,14
11/486.npy,11
9/487.npy,9
12/488.npy,12
4/489.npy,4
9/490.npy,9
16/491.npy,16
16/492.npy,16
5/493.npy,5
9/494.npy,9
7/495.npy,7
13/496.npy,13
12/497.npy,12
4/498.npy,4
10/499.npy,10
8/500.npy,8
8/501.npy,8
4/502.npy,4
1/503.npy,1
17/504.npy,17
14/505.npy,14
11/506.npy,11
7/507.npy,7
12/508.npy,12
10/509.npy,10
4/510.npy,4
12/511.npy,12
11/512.npy,11
14/513.npy,14
8/514.npy,8
1/515.npy,1
16/516.npy,16
7/517.npy,7
9/518.npy,9
0/519.npy,0
2/520.npy,2
10/521.npy,10
5/522.npy,5
7/523.npy,7
2/524.npy,2
13/525.npy,13
0/526.npy,0
14/527.npy,14
18/528.npy,18
12/529.npy,12
0/530.npy,0
2/531.npy,2
7/532.npy,7
9/533.npy,9
11/534.npy,11
18/535.npy,18
8/536.npy,8
18/537.npy,18
14/538.npy,14
12/539.npy,12
7/540.npy,7
5/541.npy,5
8/542.npy,8
4/543.npy,4
1/544.npy,1
8/545.npy,8
15/546.npy,15
12/547.npy,12
0/548.npy,0
0/549.npy,0
11/550.npy,11
0/551.npy,0
6/552.npy,6
10/553.npy,10
7/554.npy,7
13/555.npy,13
4/556.npy,4
12/557.npy,12
14/558.npy,14
3/559.npy,3
17/560.npy,17
3/561.npy,3
2/562.npy,2
12/563.npy,12
13/564.npy,13
18/565.npy,18
8/566.npy,8
5/567.npy,5
16/568.npy,16
1/569.npy,1
16/570.npy,16
16/571.npy,16
8/572.npy,8
13/573.npy,13
3/574.npy,3
18/575.npy,18
7/576.npy,7
2/577.npy,2
16/578.npy,16
3/579.npy,3
1/580.npy,1
6/581.npy,6
7/582.npy,7
17/583.npy,17
7/584.npy,7
10/585.npy,10
3/586.npy,3
17/587.npy,17
18/588.npy,18
8/589.npy,8
10/590.npy,10
7/591.npy,7
7/592.npy,7
13/593.npy,13
1/594.npy,1
10/595.npy,10
12/596.npy,12
10/597.npy,10
11/598.npy,11
12/599.npy,12
5/600.npy,5
10/601.npy,10
9/602.npy,9
11/603.npy,11
0/604.npy,0
11/605.npy,11
1/606.npy,1
6/607.npy,6
18/608.npy,18
2/609.npy,2
9/610.npy,9
14/611.npy,14
0/612.npy,0
16/613.npy,16
6/614.npy,6
3/615.npy,3
11/616.npy,11
3/617.npy,3
2/618.npy,2
3/619.npy,3
12/620.npy,12
3/621.npy,3
7/622.npy,7
18/623.npy,18
12/624.npy,12
2/625.npy,2
18/626.npy,18
17/627.npy,17
18/628.npy,18
11/629.npy,11
1/630.npy,1
10/631.npy,10
8/632.npy,8
0/633.npy,0
17/634.npy,17
14/635.npy,14
4/636.npy,4
18/637.npy,18
14/638.npy,14
12/639.npy,12
3/640.npy,3
18/641.npy,18
11/642.npy,11
16/643.npy,16
1/644.npy,1
9/645.npy,9
18/646.npy,18
8/647.npy,8
4/648.npy,4
18/649.npy,18
12/650.npy,12
10/651.npy,10
4/652.npy,4
3/653.npy,3
2/654.npy,2
0/655.npy,0
2/656.npy,2
16/657.npy,16
8/658.npy,8
13/659.npy,13
17/660.npy,17
15/661.npy,15
0/662.npy,0
11/663.npy,11
4/664.npy,4
17/665.npy,17
17/666.npy,17
0/667.npy,0
12/668.npy,12
9/669.npy,9
11/670.npy,11
12/671.npy,12
12/672.npy,12
18/673.npy,18
18/674.npy,18
11/675.npy,11
6/676.npy,6
6/677.npy,6
10/678.npy,10
4/679.npy,4
5/680.npy,5
6/681.npy,6
0/682.npy,0
15/683.npy,15
8/684.npy,8
9/685.npy,9
13/686.npy,13
6/687.npy,6
12/688.npy,12
1/689.npy,1
6/690.npy,6
0/691.npy,0
15/692.npy,15
5/693.npy,5
16/694.npy,16
14/695.npy,14
6/696.npy,6
17/697.npy,17
10/698.npy,10
3/699.npy,3
11/700.npy,11
16/701.npy,16
7/702.npy,7
11/703.npy,11
6/704.npy,6
6/705.npy,6
4/706.npy,4
3/707.npy,3
17/708.npy,17
17/709.npy,17
9/710.npy,9
10/711.npy,10
2/712.npy,2
14/713.npy,14
3/714.npy,3
12/715.npy,12
10/716.npy,10
18/717.npy,18
5/718.npy,5
6/719.npy,6
16/720.npy,16
17/721.npy,17
14/722.npy,14
8/723.npy,8
15/724.npy,15
11/725.npy,11
9/726.npy,9
0/727.npy,0
15/728.npy,15
12/729.npy,12
2/730.npy,2
14/731.npy,14
17/732.npy,17
9/733.npy,9
4/734.npy,4
16/735.npy,16
1/736.npy,1
9/737.npy,9
11/738.npy,11
15/739.npy,15
11/740.npy,11
4/741.npy,4
15/742.npy,15
4/743.npy,4
12/744.npy,12
14/745.npy,14
10/746.npy,10
10/747.npy,10
5/748.npy,5
10/749.npy,10
10/750.npy,10
7/751.npy,7
0/752.npy,0
18/753.npy,18
10/754.npy,10
17/755.npy,17
8/756.npy,8
16/757.npy,16
8/758.npy,8
4/759.npy,4
1/760.npy,1
8/761.npy,8
1/762.npy,1
16/763.npy,16
4/764.npy,4
7/765.npy,7
10/766.npy,10
11/767.npy,11
14/768.npy,14
17/769.npy,17
4/770.npy,4
11/771.npy,11
6/772.npy,6
0/773.npy,0
15/774.npy,15
5/775.npy,5
0/776.npy,0
8/777.npy,8
6/778.npy,6
16/779.npy,16
9/780.npy,9
15/781.npy,15
14/782.npy,14
16/783.npy,16
6/784.npy,6
12/785.npy,12
13/786.npy,13
13/787.npy,13
0/788.npy,0
5/789.npy,5
1/790.npy,1
1/791.npy,1
2/792.npy,2
12/793.npy,12
12/794.npy,12
13/795.npy,13
17/796.npy,17
9/797.npy,9
9/798.npy,9
14/799.npy,14
10/800.npy,10
4/801.npy,4
18/802.npy,18
7/803.npy,7
18/804.npy,18
2/805.npy,2
4/806.npy,4
15/807.npy,15
12/808.npy,12
14/809.npy,14
18/810.npy,18
1/811.npy,1
14/812.npy,14
10/813.npy,10
0/814.npy,0
3/815.npy,3
4/816.npy,4
6/817.npy,6
8/818.npy,8
17/819.npy,17
17/820.npy,17
13/821.npy,13
17/822.npy,17
16/823.npy,16
4/824.npy,4
9/825.npy,9
4/826.npy,4
10/827.npy,10
7/828.npy,7
4/829.npy,4
10/830.npy,10
15/831.npy,15
13/832.npy,13
5/833.npy,5
16/834.npy,16
18/835.npy,18
9/836.npy,9
10/837.npy,10
11/838.npy,11
1/839.npy,1
10/840.npy,10
6/841.npy,6
8/842.npy,8
1/843.npy,1
17/844.npy,17
18/845.npy,18
1/846.npy,1
3/847.npy,3
3/848.npy,3
14/849.npy,14
0/850.npy,0
16/851.npy,16
13/852.npy,13
18/853.npy,18
7/854.npy,7
0/855.npy,0
4/856.npy,4
6/857.npy,6
1/858.npy,1
7/859.npy,7
16/860.npy,16
11/861.npy,11
14/862.npy,14
9/863.npy,9
1/864.npy,1
0/865.npy,0
17/866.npy,17
7/867.npy,7
0/868.npy,0
18/869.npy,18
4/870.npy,4
17/871.npy,17
17/872.npy,17
7/873.npy,7
9/874.npy,9
3/875.npy,3
10/876.npy,10
6/877.npy,6
1/878.npy,1
11/879.npy,11
17/880.npy,17
5/881.npy,5
16/882.npy,16
17/883.npy,17
1/884.npy,1
9/885.npy,9
11/886.npy,11
9/887.npy,9
2/888.npy,2
16/889.npy,16
18/890.npy,18
14/891.npy,14
3/892.npy,3
17/893.npy,17
1/894.npy,1
0/895.npy,0
2/896.npy,2
15/897.npy,15
10/898.npy,10
0/899.npy,0
8/900.npy,8
10/901.npy,10
5/902.npy,5
9/903.npy,9
9/904.npy,9
17/905.npy,17
6/906.npy,6
4/907.npy,4
14/908.npy,14
16/909.npy,16
11/910.npy,11
12/911.npy,12
16/912.npy,16
15/913.npy,15
11/914.npy,11
15/915.npy,15
14/916.npy,14
13/917.npy,13
5/918.npy,5
2/919.npy,2
0/920.npy,0
13/921.npy,13
11/922.npy,11
13/923.npy,13
14/924.npy,14
0/925.npy,0
11/926.npy,11
7/927.npy,7
1/928.npy,1
0/929.npy,0
13/930.npy,13
8/931.npy,8
5/932.npy,5
12/933.npy,12
17/934.npy,17
5/935.npy,5
13/936.npy,13
15/937.npy,15
17/938.npy,17
4/939.npy,4
3/940.npy,3
16/941.npy,16
9/942.npy,9
6/943.npy,6
8/944.npy,8
3/945.npy,3
13/946.npy,13
8/947.npy,8
17/948.npy,17
15/949.npy,15
16/950.npy,16
7/951.npy,7
15/952.npy,15
3/953.npy,3
17/954.npy,17
16/955.npy,16
4/956.npy,4
7/957.npy,7
16/958.npy,16
16/959.npy,16
18/960.npy,18
2/961.npy,2
17/962.npy,17
18/963.npy,18
18/964.npy,18
13/965.npy,13
7/966.npy,7
3/967.npy,3
0/968.npy,0
12/969.npy,12
12/970.npy,12
3/971.npy,3
5/972.npy,5
16/973.npy,16
4/974.npy,4
10/975.npy,10
11/976.npy,11
9/977.npy,9
17/978.npy,17
13/979.npy,13
3/980.npy,3
2/981.npy,2
13/982.npy,13
12/983.npy,12
13/984.npy,13
13/985.npy,13
3/986.npy,3
3/987.npy,3
10/988.npy,10
9/989.npy,9
2/990.npy,2
6/991.npy,6
13/992.npy,13
2/993.npy,2
7/994.npy,7
16/995.npy,16
4/996.npy,4
15/997.npy,15
0/998.npy,0
8/999.npy,8
16/1000.npy,16
0/1001.npy,0
13/1002.npy,13
13/1003.npy,13
13/1004.npy,13
14/1005.npy,14
2/1006.npy,2
11/1007.npy,11
0/1008.npy,0
2/1009.npy,2
12/1010.npy,12
4/1011.npy,4
6/1012.npy,6
4/1013.npy,4
10/1014.npy,10
6/1015.npy,6
6/1016.npy,6
12/1017.npy,12
4/1018.npy,4
5/1019.npy,5
12/1020.npy,12
17/1021.npy,17
1/1022.npy,1
3/1023.npy,3
13/1024.npy,13
5/1025.npy,5
8/1026.npy,8
5/1027.npy,5
0/1028.npy,0
12/1029.npy,12
17/1030.npy,17
2/1031.npy,2
5/1032.npy,5
17/1033.npy,17
10/1034.npy,10
14/1035.npy,14
6/1036.npy,6
14/1037.npy,14
17/1038.npy,17
4/1039.npy,4
12/1040.npy,12
3/1041.npy,3
5/1042.npy,5
14/1043.npy,14
9/1044.npy,9
13/1045.npy,13
16/1046.npy,16
2/1047.npy,2
7/1048.npy,7
6/1049.npy,6
1/1050.npy,1
12/1051.npy,12
17/1052.npy,17
10/1053.npy,10
15/1054.npy,15
5/1055.npy,5
8/1056.npy,8
14/1057.npy,14
14/1058.npy,14
16/1059.npy,16
10/1060.npy,10
17/1061.npy,17
11/1062.npy,11
13/1063.npy,13
5/1064.npy,5
6/1065.npy,6
11/1066.npy,11
0/1067.npy,0
16/1068.npy,16
3/1069.npy,3
7/1070.npy,7
7/1071.npy,7
2/1072.npy,2
8/1073.npy,8
7/1074.npy,7
9/1075.npy,9
5/1076.npy,5
11/1077.npy,11
15/1078.npy,15
5/1079.npy,5
15/1080.npy,15
18/1081.npy,18
18/1082.npy,18
4/1083.npy,4
15/1084.npy,15
10/1085.npy,10
14/1086.npy,14
15/1087.npy,15
14/1088.npy,14
3/1089.npy,3
1/1090.npy,1
0/1091.npy,0
5/1092.npy,5
3/1093.npy,3
6/1094.npy,6
16/1095.npy,16
3/1096.npy,3
5/1097.npy,5
3/1098.npy,3
7/1099.npy,7
18/1100.npy,18
9/1101.npy,9
2/1102.npy,2
6/1103.npy,6
15/1104.npy,15
3/1105.npy,3
17/1106.npy,17
17/1107.npy,17
5/1108.npy,5
7/1109.npy,7
17/1110.npy,17
8/1111.npy,8
18/1112.npy,18
4/1113.npy,4
9/1114.npy,9
5/1115.npy,5
18/1116.npy,18
2/1117.npy,2
10/1118.npy,10
0/1119.npy,0
6/1120.npy,6
6/1121.npy,6
1/1122.npy,1
16/1123.npy,16
4/1124.npy,4
18/1125.npy,18
1/1126.npy,1
13/1127.npy,13
14/1128.npy,14
3/1129.npy,3
14/1130.npy,14
4/1131.npy,4
16/1132.npy,16
3/1133.npy,3
8/1134.npy,8
13/1135.npy,13
7/1136.npy,7
12/1137.npy,12
12/1138.npy,12
0/1139.npy,0
7/0.npy,7
17/1.npy,17
6/2.npy,6
7/3.npy,7
12/4.npy,12
8/5.npy,8
2/6.npy,2
1/7.npy,1
15/8.npy,15
5/9.npy,5
9/10.npy,9
15/11.npy,15
10/12.npy,10
3/13.npy,3
17/14.npy,17
9/15.npy,9
12/16.npy,12
11/17.npy,11
7/18.npy,7
3/19.npy,3
14/20.npy,14
16/21.npy,16
8/22.npy,8
12/23.npy,12
4/24.npy,4
2/25.npy,2
16/26.npy,16
4/27.npy,4
7/28.npy,7
16/29.npy,16
17/30.npy,17
8/31.npy,8
16/32.npy,16
5/33.npy,5
17/34.npy,17
4/35.npy,4
15/36.npy,15
18/37.npy,18
12/38.npy,12
13/39.npy,13
18/40.npy,18
15/41.npy,15
12/42.npy,12
16/43.npy,16
4/44.npy,4
0/45.npy,0
17/46.npy,17
12/47.npy,12
14/48.npy,14
0/49.npy,0
6/50.npy,6
18/51.npy,18
12/52.npy,12
2/53.npy,2
13/54.npy,13
9/55.npy,9
15/56.npy,15
16/57.npy,16
7/58.npy,7
10/59.npy,10
5/60.npy,5
9/61.npy,9
6/62.npy,6
8/63.npy,8
6/64.npy,6
0/65.npy,0
5/66.npy,5
11/67.npy,11
6/68.npy,6
14/69.npy,14
3/70.npy,3
18/71.npy,18
13/72.npy,13
1/73.npy,1
10/74.npy,10
8/75.npy,8
2/76.npy,2
11/77.npy,11
8/78.npy,8
15/79.npy,15
7/80.npy,7
12/81.npy,12
1/82.npy,1
11/83.npy,11
16/84.npy,16
11/85.npy,11
16/86.npy,16
7/87.npy,7
0/88.npy,0
11/89.npy,11
17/90.npy,17
4/91.npy,4
0/92.npy,0
6/93.npy,6
17/94.npy,17
11/95.npy,11
16/96.npy,16
14/97.npy,14
16/98.npy,16
18/99.npy,18
11/100.npy,11
12/101.npy,12
6/102.npy,6
17/103.npy,17
13/104.npy,13
15/105.npy,15
18/106.npy,18
17/107.npy,17
16/108.npy,16
17/109.npy,17
9/110.npy,9
17/111.npy,17
16/112.npy,16
1/113.npy,1
12/114.npy,12
8/115.npy,8
10/116.npy,10
10/117.npy,10
6/118.npy,6
7/119.npy,7
11/120.npy,11
6/121.npy,6
14/122.npy,14
9/123.npy,9
2/124.npy,2
0/125.npy,0
4/126.npy,4
17/127.npy,17
12/128.npy,12
10/129.npy,10
5/130.npy,5
3/131.npy,3
13/132.npy,13
3/133.npy,3
12/134.npy,12
14/135.npy,14
3/136.npy,3
3/137.npy,3
0/138.npy,0
14/139.npy,14
9/140.npy,9
5/141.npy,5
3/142.npy,3
2/143.npy,2
16/144.npy,16
9/145.npy,9
1/146.npy,1
17/147.npy,17
9/148.npy,9
4/149.npy,4
14/150.npy,14
8/151.npy,8
14/152.npy,14
4/153.npy,4
3/154.npy,3
4/155.npy,4
11/156.npy,11
11/157.npy,11
0/158.npy,0
16/159.npy,16
5/160.npy,5
7/161.npy,7
15/162.npy,15
7/163.npy,7
5/164.npy,5
14/165.npy,14
2/166.npy,2
14/167.npy,14
8/168.npy,8
1/169.npy,1
6/170.npy,6
3/171.npy,3
0/172.npy,0
11/173.npy,11
3/174.npy,3
7/175.npy,7
3/176.npy,3
17/177.npy,17
12/178.npy,12
0/179.npy,0
18/180.npy,18
3/181.npy,3
1/182.npy,1
1/183.npy,1
16/184.npy,16
15/185.npy,15
18/186.npy,18
15/187.npy,15
15/188.npy,15
16/189.npy,16
4/190.npy,4
14/191.npy,14
9/192.npy,9
10/193.npy,10
7/194.npy,7
11/195.npy,11
4/196.npy,4
3/197.npy,3
0/198.npy,0
18/199.npy,18
17/200.npy,17
11/201.npy,11
9/202.npy,9
11/203.npy,11
1/204.npy,1
0/205.npy,0
0/206.npy,0
6/207.npy,6
9/208.npy,9
3/209.npy,3
12/210.npy,12
13/211.npy,13
11/212.npy,11
13/213.npy,13
15/214.npy,15
6/215.npy,6
11/216.npy,11
13/217.npy,13
12/218.npy,12
13/219.npy,13
18/220.npy,18
2/221.npy,2
15/222.npy,15
15/223.npy,15
18/224.npy,18
3/225.npy,3
18/226.npy,18
8/227.npy,8
6/228.npy,6
17/229.npy,17
5/230.npy,5
14/231.npy,14
17/232.npy,17
3/233.npy,3
16/234.npy,16
7/235.npy,7
7/236.npy,7
16/237.npy,16
9/238.npy,9
5/239.npy,5
13/240.npy,13
5/241.npy,5
2/242.npy,2
5/243.npy,5
3/244.npy,3
14/245.npy,14
2/246.npy,2
13/247.npy,13
15/248.npy,15
10/249.npy,10
14/250.npy,14
10/251.npy,10
7/252.npy,7
0/253.npy,0
10/254.npy,10
15/255.npy,15
9/256.npy,9
2/257.npy,2
6/258.npy,6
9/259.npy,9
2/260.npy,2
13/261.npy,13
17/262.npy,17
2/263.npy,2
10/264.npy,10
13/265.npy,13
14/266.npy,14
10/267.npy,10
10/268.npy,10
9/269.npy,9
2/270.npy,2
18/271.npy,18
4/272.npy,4
10/273.npy,10
17/274.npy,17
10/275.npy,10
7/276.npy,7
12/277.npy,12
3/278.npy,3
5/279.npy,5
10/280.npy,10
9/281.npy,9
11/282.npy,11
12/283.npy,12
0/284.npy,0
1/285.npy,1
5/286.npy,5
9/287.npy,9
1/288.npy,1
14/289.npy,14
4/290.npy,4
18/291.npy,18
9/292.npy,9
11/293.npy,11
17/294.npy,17
0/295.npy,0
1/296.npy,1
14/297.npy,14
5/298.npy,5
9/299.npy,9
15/300.npy,15
12/301.npy,12
7/302.npy,7
7/303.npy,7
6/304.npy,6
14/305.npy,14
6/306.npy,6
13/307.npy,13
7/308.npy,7
5/309.npy,5
7/310.npy,7
8/311.npy,8
1/312.npy,1
15/313.npy,15
4/314.npy,4
14/315.npy,14
8/316.npy,8
6/317.npy,6
15/318.npy,15
13/319.npy,13
13/320.npy,13
8/321.npy,8
6/322.npy,6
7/323.npy,7
14/324.npy,14
12/325.npy,12
12/326.npy,12
6/327.npy,6
3/328.npy,3
7/329.npy,7
12/330.npy,12
5/331.npy,5
2/332.npy,2
14/333.npy,14
12/334.npy,12
17/335.npy,17
16/336.npy,16
9/337.npy,9
6/338.npy,6
13/339.npy,13
18/340.npy,18
8/341.npy,8
9/342.npy,9
2/343.npy,2
3/344.npy,3
8/345.npy,8
14/346.npy,14
9/347.npy,9
2/348.npy,2
4/349.npy,4
4/350.npy,4
10/351.npy,10
3/352.npy,3
18/353.npy,18
11/354.npy,11
5/355.npy,5
12/356.npy,12
6/357.npy,6
12/358.npy,12
0/359.npy,0
5/360.npy,5
11/361.npy,11
10/362.npy,10
3/363.npy,3
9/364.npy,9
13/365.npy,13
5/366.npy,5
18/367.npy,18
6/368.npy,6
3/369.npy,3
1/370.npy,1
8/371.npy,8
7/372.npy,7
4/373.npy,4
2/374.npy,2
15/375.npy,15
3/376.npy,3
11/377.npy,11
17/378.npy,17
9/379.npy,9
16/380.npy,16
0/381.npy,0
0/382.npy,0
10/383.npy,10
17/384.npy,17
14/385.npy,14
17/386.npy,17
17/387.npy,17
10/388.npy,10
16/389.npy,16
0/390.npy,0
17/391.npy,17
0/392.npy,0
8/393.npy,8
16/394.npy,16
9/395.npy,9
7/396.npy,7
5/397.npy,5
6/398.npy,6
18/399.npy,18
7/400.npy,7
16/401.npy,16
18/402.npy,18
6/403.npy,6
15/404.npy,15
7/405.npy,7
12/406.npy,12
13/407.npy,13
2/408.npy,2
4/409.npy,4
15/410.npy,15
1/411.npy,1
14/412.npy,14
13/413.npy,13
1/414.npy,1
16/415.npy,16
11/416.npy,11
13/417.npy,13
18/418.npy,18
10/419.npy,10
11/420.npy,11
1/421.npy,1
11/422.npy,11
3/423.npy,3
9/424.npy,9
3/425.npy,3
15/426.npy,15
12/427.npy,12
13/428.npy,13
7/429.npy,7
7/430.npy,7
11/431.npy,11
8/432.npy,8
11/433.npy,11
15/434.npy,15
8/435.npy,8
2/436.npy,2
5/437.npy,5
13/438.npy,13
18/439.npy,18
12/440.npy,12
17/441.npy,17
1/442.npy,1
9/443.npy,9
4/444.npy,4
11/445.npy,11
17/446.npy,17
9/447.npy,9
1/448.npy,1
12/449.npy,12
0/450.npy,0
16/451.npy,16
18/452.npy,18
14/453.npy,14
18/454.npy,18
9/455.npy,9
1/456.npy,1
1/457.npy,1
15/458.npy,15
11/459.npy,11
18/460.npy,18
5/461.npy,5
17/462.npy,17
4/463.npy,4
1/464.npy,1
8/465.npy,8
1/466.npy,1
4/467.npy,4
2/468.npy,2
14/469.npy,14
8/470.npy,8
18/471.npy,18
18/472.npy,18
9/473.npy,9
17/474.npy,17
9/475.npy,9
10/476.npy,10
6/477.npy,6
3/478.npy,3
11/479.npy,11
4/480.npy,4
9/481.npy,9
5/482.npy,5
13/483.npy,13
8/484.npy,8
15/485.npy,15
3/486.npy,3
13/487.npy,13
15/488.npy,15
0/489.npy,0
1/490.npy,1
16/491.npy,16
18/492.npy,18
12/493.npy,12
4/494.npy,4
1/495.npy,1
13/496.npy,13
3/497.npy,3
7/498.npy,7
7/499.npy,7
2/500.npy,2
16/501.npy,16
5/502.npy,5
4/503.npy,4
6/504.npy,6
10/505.npy,10
1/506.npy,1
6/507.npy,6
13/508.npy,13
3/509.npy,3
13/510.npy,13
14/511.npy,14
12/512.npy,12
10/513.npy,10
1/514.npy,1
3/515.npy,3
13/516.npy,13
12/517.npy,12
0/518.npy,0
18/519.npy,18
11/520.npy,11
4/521.npy,4
14/522.npy,14
16/523.npy,16
5/524.npy,5
8/525.npy,8
13/526.npy,13
11/527.npy,11
14/528.npy,14
6/529.npy,6
10/530.npy,10
18/531.npy,18
16/532.npy,16
10/533.npy,10
8/534.npy,8
9/535.npy,9
14/536.npy,14
13/537.npy,13
15/538.npy,15
11/539.npy,11
0/540.npy,0
3/541.npy,3
8/542.npy,8
6/543.npy,6
15/544.npy,15
17/545.npy,17
4/546.npy,4
8/547.npy,8
5/548.npy,5
18/549.npy,18
13/550.npy,13
10/551.npy,10
14/552.npy,14
16/553.npy,16
7/554.npy,7
6/555.npy,6
17/556.npy,17
11/557.npy,11
3/558.npy,3
0/559.npy,0
2/560.npy,2
0/561.npy,0
6/562.npy,6
17/563.npy,17
2/564.npy,2
5/565.npy,5
1/566.npy,1
2/567.npy,2
18/568.npy,18
1/569.npy,1
0/570.npy,0
12/571.npy,12
12/572.npy,12
2/573.npy,2
11/574.npy,11
0/575.npy,0
10/576.npy,10
16/577.npy,16
18/578.npy,18
5/579.npy,5
10/580.npy,10
3/581.npy,3
4/582.npy,4
8/583.npy,8
16/584.npy,16
17/585.npy,17
8/586.npy,8
15/587.npy,15
13/588.npy,13
17/589.npy,17
12/590.npy,12
0/591.npy,0
10/592.npy,10
18/593.npy,18
16/594.npy,16
10/595.npy,10
18/596.npy,18
12/597.npy,12
11/598.npy,11
2/599.npy,2
0/600.npy,0
9/601.npy,9
4/602.npy,4
11/603.npy,11
9/604.npy,9
10/605.npy,10
13/606.npy,13
0/607.npy,0
5/608.npy,5
3/609.npy,3
9/610.npy,9
18/611.npy,18
14/612.npy,14
5/613.npy,5
16/614.npy,16
7/615.npy,7
2/616.npy,2
15/617.npy,15
17/618.npy,17
4/619.npy,4
4/620.npy,4
18/621.npy,18
17/622.npy,17
15/623.npy,15
4/624.npy,4
1/625.npy,1
2/626.npy,2
15/627.npy,15
14/628.npy,14
2/629.npy,2
18/630.npy,18
1/631.npy,1
13/632.npy,13
17/633.npy,17
11/634.npy,11
0/635.npy,0
8/636.npy,8
1/637.npy,1
5/638.npy,5
16/639.npy,16
2/640.npy,2
13/641.npy,13
3/642.npy,3
16/643.npy,16
15/644.npy,15
10/645.npy,10
10/646.npy,10
1/647.npy,1
16/648.npy,16
8/649.npy,8
18/650.npy,18
15/651.npy,15
3/652.npy,3
11/653.npy,11
12/654.npy,12
2/655.npy,2
4/656.npy,4
4/657.npy,4
12/658.npy,12
6/659.npy,6
9/660.npy,9
1/661.npy,1
16/662.npy,16
15/663.npy,15
12/664.npy,12
14/665.npy,14
18/666.npy,18
0/667.npy,0
17/668.npy,17
4/669.npy,4
13/670.npy,13
17/671.npy,17
1/672.npy,1
11/673.npy,11
2/674.npy,2
5/675.npy,5
15/676.npy,15
18/677.npy,18
2/678.npy,2
1/679.npy,1
9/680.npy,9
18/681.npy,18
4/682.npy,4
2/683.npy,2
14/684.npy,14
4/685.npy,4
14/686.npy,14
1/687.npy,1
6/688.npy,6
4/689.npy,4
3/690.npy,3
11/691.npy,11
6/692.npy,6
16/693.npy,16
8/694.npy,8
11/695.npy,11
0/696.npy,0
4/697.npy,4
15/698.npy,15
2/699.npy,2
10/700.npy,10
12/701.npy,12
2/702.npy,2
1/703.npy,1
9/704.npy,9
5/705.npy,5
3/706.npy,3
7/707.npy,7
15/708.npy,15
15/709.npy,15
0/710.npy,0
9/711.npy,9
3/712.npy,3
5/713.npy,5
8/714.npy,8
10/715.npy,10
15/716.npy,15
8/717.npy,8
16/718.npy,16
12/719.npy,12
15/720.npy,15
4/721.npy,4
10/722.npy,10
2/723.npy,2
18/724.npy,18
9/725.npy,9
15/726.npy,15
11/727.npy,11
10/728.npy,10
8/729.npy,8
1/730.npy,1
5/731.npy,5
8/732.npy,8
5/733.npy,5
16/734.npy,16
6/735.npy,6
13/736.npy,13
14/737.npy,14
6/738.npy,6
10/739.npy,10
1/740.npy,1
8/741.npy,8
5/742.npy,5
3/743.npy,3
10/744.npy,10
2/745.npy,2
7/746.npy,7
8/747.npy,8
17/748.npy,17
9/749.npy,9
13/750.npy,13
14/751.npy,14
16/752.npy,16
13/753.npy,13
3/754.npy,3
9/755.npy,9
5/756.npy,5
15/757.npy,15
12/758.npy,12
6/759.npy,6
5/760.npy,5
6/761.npy,6
0/762.npy,0
12/763.npy,12
12/764.npy,12
4/765.npy,4
5/766.npy,5
1/767.npy,1
4/768.npy,4
16/769.npy,16
5/770.npy,5
14/771.npy,14
1/772.npy,1
11/773.npy,11
1/774.npy,1
9/775.npy,9
16/776.npy,16
10/777.npy,10
14/778.npy,14
3/779.npy,3
7/780.npy,7
3/781.npy,3
13/782.npy,13
4/783.npy,4
2/784.npy,2
2/785.npy,2
0/786.npy,0
7/787.npy,7
8/788.npy,8
9/789.npy,9
3/790.npy,3
11/791.npy,11
16/792.npy,16
5/793.npy,5
7/794.npy,7
13/795.npy,13
1/796.npy,1
5/797.npy,5
13/798.npy,13
8/799.npy,8
15/800.npy,15
0/801.npy,0
6/802.npy,6
13/803.npy,13
14/804.npy,14
18/805.npy,18
4/806.npy,4
16/807.npy,16
17/808.npy,17
17/809.npy,17
2/810.npy,2
11/811.npy,11
14/812.npy,14
7/813.npy,7
12/814.npy,12
6/815.npy,6
13/816.npy,13
18/817.npy,18
15/818.npy,15
11/819.npy,11
12/820.npy,12
13/821.npy,13
13/822.npy,13
15/823.npy,15
4/824.npy,4
7/825.npy,7
0/826.npy,0
15/827.npy,15
5/828.npy,5
14/829.npy,14
7/830.npy,7
8/831.npy,8
2/832.npy,2
18/833.npy,18
18/834.npy,18
5/835.npy,5
16/836.npy,16
16/837.npy,16
13/838.npy,13
7/839.npy,7
4/840.npy,4
4/841.npy,4
8/842.npy,8
3/843.npy,3
4/844.npy,4
4/845.npy,4
0/846.npy,0
14/847.npy,14
11/848.npy,11
6/849.npy,6
13/850.npy,13
0/851.npy,0
6/852.npy,6
9/853.npy,9
15/854.npy,15
4/855.npy,4
10/856.npy,10
1/857.npy,1
3/858.npy,3
8/859.npy,8
3/860.npy,3
9/861.npy,9
15/862.npy,15
0/863.npy,0
16/864.npy,16
17/865.npy,17
9/866.npy,9
7/867.npy,7
11/868.npy,11
14/869.npy,14
13/870.npy,13
8/871.npy,8
10/872.npy,10
7/873.npy,7
0/874.npy,0
5/875.npy,5
7/876.npy,7
4/877.npy,4
5/878.npy,5
10/879.npy,10
3/880.npy,3
13/881.npy,13
1/882.npy,1
1/883.npy,1
16/884.npy,16
11/885.npy,11
4/886.npy,4
18/887.npy,18
6/888.npy,6
10/889.npy,10
2/890.npy,2
0/891.npy,0
7/892.npy,7
16/893.npy,16
10/894.npy,10
7/895.npy,7
8/896.npy,8
14/897.npy,14
13/898.npy,13
18/899.npy,18
16/900.npy,16
9/901.npy,9
5/902.npy,5
6/903.npy,6
15/904.npy,15
17/905.npy,17
6/906.npy,6
8/907.npy,8
16/908.npy,16
13/909.npy,13
3/910.npy,3
10/911.npy,10
9/912.npy,9
10/913.npy,10
12/914.npy,12
16/915.npy,16
17/916.npy,17
5/917.npy,5
17/918.npy,17
2/919.npy,2
15/920.npy,15
2/921.npy,2
17/922.npy,17
6/923.npy,6
18/924.npy,18
18/925.npy,18
0/926.npy,0
18/927.npy,18
10/928.npy,10
16/929.npy,16
2/930.npy,2
4/931.npy,4
10/932.npy,10
18/933.npy,18
7/934.npy,7
0/935.npy,0
17/936.npy,17
8/937.npy,8
13/938.npy,13
10/939.npy,10
16/940.npy,16
16/941.npy,16
5/942.npy,5
9/943.npy,9
7/944.npy,7
5/945.npy,5
6/946.npy,6
0/947.npy,0
8/948.npy,8
2/949.npy,2
17/950.npy,17
1/951.npy,1
11/952.npy,11
1/953.npy,1
17/954.npy,17
4/955.npy,4
4/956.npy,4
12/957.npy,12
14/958.npy,14
1/959.npy,1
7/960.npy,7
0/961.npy,0
13/962.npy,13
6/963.npy,6
1/964.npy,1
17/965.npy,17
1/966.npy,1
10/967.npy,10
9/968.npy,9
2/969.npy,2
11/970.npy,11
17/971.npy,17
8/972.npy,8
5/973.npy,5
7/974.npy,7
2/975.npy,2
15/976.npy,15
8/977.npy,8
17/978.npy,17
0/979.npy,0
2/980.npy,2
14/981.npy,14
12/982.npy,12
9/983.npy,9
12/984.npy,12
1/985.npy,1
2/986.npy,2
0/987.npy,0
4/988.npy,4
12/989.npy,12
6/990.npy,6
3/991.npy,3
0/992.npy,0
8/993.npy,8
14/994.npy,14
3/995.npy,3
17/996.npy,17
1/997.npy,1
18/998.npy,18
5/999.npy,5
7/1000.npy,7
7/1001.npy,7
12/1002.npy,12
2/1003.npy,2
14/1004.npy,14
11/1005.npy,11
17/1006.npy,17
2/1007.npy,2
4/1008.npy,4
9/1009.npy,9
14/1010.npy,14
6/1011.npy,6
0/1012.npy,0
3/1013.npy,3
15/1014.npy,15
18/1015.npy,18
15/1016.npy,15
9/1017.npy,9
7/1018.npy,7
12/1019.npy,12
5/1020.npy,5
12/1021.npy,12
16/1022.npy,16
5/1023.npy,5
2/1024.npy,2
1/1025.npy,1
5/1026.npy,5
9/1027.npy,9
11/1028.npy,11
2/1029.npy,2
13/1030.npy,13
6/1031.npy,6
6/1032.npy,6
10/1033.npy,10
5/1034.npy,5
6/1035.npy,6
8/1036.npy,8
15/1037.npy,15
1/1038.npy,1
0/1039.npy,0
15/1040.npy,15
10/1041.npy,10
8/1042.npy,8
8/1043.npy,8
14/1044.npy,14
14/1045.npy,14
15/1046.npy,15
15/1047.npy,15
10/1048.npy,10
6/1049.npy,6
1/1050.npy,1
11/1051.npy,11
1/1052.npy,1
4/1053.npy,4
3/1054.npy,3
18/1055.npy,18
7/1056.npy,7
10/1057.npy,10
16/1058.npy,16
14/1059.npy,14
18/1060.npy,18
12/1061.npy,12
12/1062.npy,12
9/1063.npy,9
15/1064.npy,15
11/1065.npy,11
7/1066.npy,7
2/1067.npy,2
8/1068.npy,8
0/1069.npy,0
10/1070.npy,10
6/1071.npy,6
8/1072.npy,8
0/1073.npy,0
10/1074.npy,10
4/1075.npy,4
7/1076.npy,7
6/1077.npy,6
3/1078.npy,3
6/1079.npy,6
14/1080.npy,14
8/1081.npy,8
13/1082.npy,13
8/1083.npy,8
0/1084.npy,0
10/1085.npy,10
11/1086.npy,11
8/1087.npy,8
5/1088.npy,5
7/1089.npy,7
17/1090.npy,17
3/1091.npy,3
9/1092.npy,9
11/1093.npy,11
13/1094.npy,13
10/1095.npy,10
7/1096.npy,7
0/1097.npy,0
0/1098.npy,0
14/1099.npy,14
6/1100.npy,6
18/1101.npy,18
13/1102.npy,13
12/1103.npy,12
3/1104.npy,3
8/1105.npy,8
11/1106.npy,11
9/1107.npy,9
7/1108.npy,7
18/1109.npy,18
14/1110.npy,14
1/1111.npy,1
14/1112.npy,14
11/1113.npy,11
17/1114.npy,17
18/1115.npy,18
14/1116.npy,14
17/1117.npy,17
4/1118.npy,4
12/1119.npy,12
12/1120.npy,12
5/1121.npy,5
6/1122.npy,6
7/1123.npy,7
2/1124.npy,2
4/1125.npy,4
12/1126.npy,12
13/1127.npy,13
3/1128.npy,3
12/1129.npy,12
16/1130.npy,16
0/1131.npy,0
6/1132.npy,6
3/1133.npy,3
18/1134.npy,18
17/1135.npy,17
8/1136.npy,8
2/1137.npy,2
1/1138.npy,1
2/1139.npy,2
